,2theta,multiplicity,indices,?
0,8.859301978849034,6.0,"[(1, 0, 0), (0, 1, 0), (0, 0, 1), (0, 0, -1), (0, -1, 0), (-1, 0, 0)]",10.0
1,12.541490027824013,12.0,"[(1, 1, 0), (1, 0, 1), (1, 0, -1), (1, -1, 0), (0, 1, 1), (0, 1, -1), (0, -1, 1), (0, -1, -1), (-1, 1, 0), (-1, 0, 1), (-1, 0, -1), (-1, -1, 0)]",7.071067811865474
2,15.37557363153954,8.0,"[(1, 1, 1), (1, 1, -1), (1, -1, 1), (1, -1, -1), (-1, 1, 1), (-1, 1, -1), (-1, -1, 1), (-1, -1, -1)]",5.773502691896256
3,17.77211858772413,6.0,"[(2, 0, 0), (0, 2, 0), (0, 0, 2), (0, 0, -2), (0, -2, 0), (-2, 0, 0)]",5.0
4,19.889995348050387,24.0,"[(2, -1, 0), (1, 0, 2), (0, 1, 2), (0, -1, -2), (-1, 0, -2), (-2, 1, 0), (2, 1, 0), (2, 0, 1), (2, 0, -1), (1, 2, 0), (1, 0, -2), (1, -2, 0), (0, 2, 1), (0, 2, -1), (0, 1, -2), (0, -1, 2), (0, -2, 1), (0, -2, -1), (-1, 2, 0), (-1, 0, 2), (-1, -2, 0), (-2, 0, 1), (-2, 0, -1), (-2, -1, 0)]",4.47213595499958
5,21.810607528957615,24.0,"[(2, 1, 1), (2, 1, -1), (2, -1, 1), (2, -1, -1), (1, 2, 1), (1, 2, -1), (1, 1, 2), (1, 1, -2), (1, -1, 2), (1, -1, -2), (1, -2, 1), (1, -2, -1), (-1, 2, 1), (-1, 2, -1), (-1, 1, 2), (-1, 1, -2), (-1, -1, 2), (-1, -1, -2), (-1, -2, 1), (-1, -2, -1), (-2, 1, 1), (-2, 1, -1), (-2, -1, 1), (-2, -1, -1)]",4.0824829046386295
6,25.23643977381154,12.0,"[(2, 2, 0), (2, 0, 2), (2, 0, -2), (2, -2, 0), (0, 2, 2), (0, 2, -2), (0, -2, 2), (0, -2, -2), (-2, 2, 0), (-2, 0, 2), (-2, 0, -2), (-2, -2, 0)]",3.535533905932737
7,26.79494605842239,30.0,"[(3, 0, 0), (2, 2, 1), (2, 2, -1), (2, 1, 2), (2, 1, -2), (2, -1, 2), (2, -1, -2), (2, -2, 1), (2, -2, -1), (1, 2, 2), (1, 2, -2), (1, -2, 2), (1, -2, -2), (0, 3, 0), (0, 0, 3), (0, 0, -3), (0, -3, 0), (-1, 2, 2), (-1, 2, -2), (-1, -2, 2), (-1, -2, -2), (-2, 2, 1), (-2, 2, -1), (-2, 1, 2), (-2, 1, -2), (-2, -1, 2), (-2, -1, -2), (-2, -2, 1), (-2, -2, -1), (-3, 0, 0)]",3.333333333333333
8,28.273673627308117,24.0,"[(3, 0, 1), (3, 0, -1), (3, -1, 0), (1, 0, 3), (0, 3, 1), (0, 3, -1), (0, 1, 3), (0, -1, -3), (0, -3, 1), (0, -3, -1), (-1, 0, -3), (-3, 1, 0), (-3, 0, 1), (-3, 0, -1), (3, 1, 0), (1, 3, 0), (1, 0, -3), (1, -3, 0), (0, 1, -3), (0, -1, 3), (-1, 3, 0), (-1, 0, 3), (-1, -3, 0), (-3, -1, 0)]",3.162277660168379
9,29.684605523391628,24.0,"[(3, 1, 1), (3, 1, -1), (3, -1, 1), (3, -1, -1), (1, 3, 1), (1, 3, -1), (1, 1, 3), (1, 1, -3), (1, -1, 3), (1, -1, -3), (1, -3, 1), (1, -3, -1), (-1, 3, 1), (-1, 3, -1), (-1, 1, 3), (-1, 1, -3), (-1, -1, 3), (-1, -1, -3), (-1, -3, 1), (-1, -3, -1), (-3, 1, 1), (-3, 1, -1), (-3, -1, 1), (-3, -1, -1)]",3.015113445777636
10,31.03704559732445,8.0,"[(2, 2, 2), (2, 2, -2), (2, -2, 2), (2, -2, -2), (-2, 2, 2), (-2, 2, -2), (-2, -2, 2), (-2, -2, -2)]",2.886751345948128
11,32.3383885263341,24.0,"[(3, 2, 0), (3, 0, 2), (3, 0, -2), (3, -2, 0), (2, 3, 0), (2, 0, 3), (2, 0, -3), (2, -3, 0), (0, 3, 2), (0, 3, -2), (0, 2, 3), (0, 2, -3), (0, -2, 3), (0, -2, -3), (0, -3, 2), (0, -3, -2), (-2, 3, 0), (-2, 0, 3), (-2, 0, -3), (-2, -3, 0), (-3, 2, 0), (-3, 0, 2), (-3, 0, -2), (-3, -2, 0)]",2.7735009811261455
12,33.594626843928786,48.0,"[(3, 2, 1), (3, 2, -1), (3, 1, 2), (3, 1, -2), (3, -1, 2), (3, -1, -2), (3, -2, 1), (3, -2, -1), (2, 3, 1), (2, 3, -1), (2, 1, 3), (2, 1, -3), (2, -1, 3), (2, -1, -3), (2, -3, 1), (2, -3, -1), (1, 3, 2), (1, 3, -2), (1, 2, 3), (1, 2, -3), (1, -2, 3), (1, -2, -3), (1, -3, 2), (1, -3, -2), (-1, 3, 2), (-1, 3, -2), (-1, 2, 3), (-1, 2, -3), (-1, -2, 3), (-1, -2, -3), (-1, -3, 2), (-1, -3, -2), (-2, 3, 1), (-2, 3, -1), (-2, 1, 3), (-2, 1, -3), (-2, -1, 3), (-2, -1, -3), (-2, -3, 1), (-2, -3, -1), (-3, 2, 1), (-3, 2, -1), (-3, 1, 2), (-3, 1, -2), (-3, -1, 2), (-3, -1, -2), (-3, -2, 1), (-3, -2, -1)]",2.6726124191242437
13,35.99072317019831,6.0,"[(4, 0, 0), (0, 4, 0), (0, 0, 4), (0, 0, -4), (0, -4, 0), (-4, 0, 0)]",2.5
14,37.13819249874517,48.0,"[(3, -2, 2), (3, -2, -2), (2, 2, 3), (1, 4, 0), (1, 0, 4), (1, 0, -4), (1, -4, 0), (0, 1, 4), (0, 1, -4), (0, -1, 4), (0, -1, -4), (-1, 4, 0), (-1, 0, 4), (-1, 0, -4), (-1, -4, 0), (-2, -2, -3), (-3, 2, 2), (-3, 2, -2), (4, 1, 0), (4, 0, 1), (4, 0, -1), (4, -1, 0), (3, 2, 2), (3, 2, -2), (2, 3, 2), (2, 3, -2), (2, 2, -3), (2, -2, 3), (2, -2, -3), (2, -3, 2), (2, -3, -2), (0, 4, 1), (0, 4, -1), (0, -4, 1), (0, -4, -1), (-2, 3, 2), (-2, 3, -2), (-2, 2, 3), (-2, 2, -3), (-2, -2, 3), (-2, -3, 2), (-2, -3, -2), (-3, -2, 2), (-3, -2, -2), (-4, 1, 0), (-4, 0, 1), (-4, 0, -1), (-4, -1, 0)]",2.4253562503633295
15,38.25608543869975,36.0,"[(4, 1, 1), (4, 1, -1), (4, -1, 1), (4, -1, -1), (3, 3, 0), (3, 0, 3), (3, 0, -3), (3, -3, 0), (1, 4, 1), (1, 4, -1), (1, 1, 4), (1, 1, -4), (1, -1, 4), (1, -1, -4), (1, -4, 1), (1, -4, -1), (0, 3, 3), (0, 3, -3), (0, -3, 3), (0, -3, -3), (-1, 4, 1), (-1, 4, -1), (-1, 1, 4), (-1, 1, -4), (-1, -1, 4), (-1, -1, -4), (-1, -4, 1), (-1, -4, -1), (-3, 3, 0), (-3, 0, 3), (-3, 0, -3), (-3, -3, 0), (-4, 1, 1), (-4, 1, -1), (-4, -1, 1), (-4, -1, -1)]",2.357022603955158
16,39.34697312756281,24.0,"[(3, 3, 1), (3, 3, -1), (3, 1, 3), (3, 1, -3), (3, -1, 3), (3, -1, -3), (3, -3, 1), (3, -3, -1), (1, 3, 3), (1, 3, -3), (1, -3, 3), (1, -3, -3), (-1, 3, 3), (-1, 3, -3), (-1, -3, 3), (-1, -3, -3), (-3, 3, 1), (-3, 3, -1), (-3, 1, 3), (-3, 1, -3), (-3, -1, 3), (-3, -1, -3), (-3, -3, 1), (-3, -3, -1)]",2.294157338705617
17,40.41309219696064,24.0,"[(4, -2, 0), (2, 0, 4), (0, 2, 4), (0, -2, -4), (-2, 0, -4), (-4, 2, 0), (4, 2, 0), (4, 0, 2), (4, 0, -2), (2, 4, 0), (2, 0, -4), (2, -4, 0), (0, 4, 2), (0, 4, -2), (0, 2, -4), (0, -2, 4), (0, -4, 2), (0, -4, -2), (-2, 4, 0), (-2, 0, 4), (-2, -4, 0), (-4, 0, 2), (-4, 0, -2), (-4, -2, 0)]",2.23606797749979
18,41.45640286023563,48.0,"[(4, 2, 1), (4, 2, -1), (4, 1, 2), (4, 1, -2), (4, -1, 2), (4, -1, -2), (4, -2, 1), (4, -2, -1), (2, 4, 1), (2, 4, -1), (2, 1, 4), (2, 1, -4), (2, -1, 4), (2, -1, -4), (2, -4, 1), (2, -4, -1), (1, 4, 2), (1, 4, -2), (1, 2, 4), (1, 2, -4), (1, -2, 4), (1, -2, -4), (1, -4, 2), (1, -4, -2), (-1, 4, 2), (-1, 4, -2), (-1, 2, 4), (-1, 2, -4), (-1, -2, 4), (-1, -2, -4), (-1, -4, 2), (-1, -4, -2), (-2, 4, 1), (-2, 4, -1), (-2, 1, 4), (-2, 1, -4), (-2, -1, 4), (-2, -1, -4), (-2, -4, 1), (-2, -4, -1), (-4, 2, 1), (-4, 2, -1), (-4, 1, 2), (-4, 1, -2), (-4, -1, 2), (-4, -1, -2), (-4, -2, 1), (-4, -2, -1)]",2.1821789023599236
19,42.47863466105285,24.0,"[(3, -2, -3), (-3, 2, 3), (3, 3, 2), (3, 3, -2), (3, 2, 3), (3, 2, -3), (3, -2, 3), (3, -3, 2), (3, -3, -2), (2, 3, 3), (2, 3, -3), (2, -3, 3), (2, -3, -3), (-2, 3, 3), (-2, 3, -3), (-2, -3, 3), (-2, -3, -3), (-3, 3, 2), (-3, 3, -2), (-3, 2, -3), (-3, -2, 3), (-3, -2, -3), (-3, -3, 2), (-3, -3, -2)]",2.1320071635561044
20,44.46583823337517,24.0,"[(4, 2, 2), (4, 2, -2), (4, -2, 2), (4, -2, -2), (2, 4, 2), (2, 4, -2), (2, 2, 4), (2, 2, -4), (2, -2, 4), (2, -2, -4), (2, -4, 2), (2, -4, -2), (-2, 4, 2), (-2, 4, -2), (-2, 2, 4), (-2, 2, -4), (-2, -2, 4), (-2, -2, -4), (-2, -4, 2), (-2, -4, -2), (-4, 2, 2), (-4, 2, -2), (-4, -2, 2), (-4, -2, -2)]",2.0412414523193148
21,45.433410175382996,30.0,"[(5, 0, 0), (4, 3, 0), (4, 0, 3), (4, 0, -3), (4, -3, 0), (3, 4, 0), (3, 0, 4), (3, 0, -4), (3, -4, 0), (0, 5, 0), (0, 4, 3), (0, 4, -3), (0, 3, 4), (0, 3, -4), (0, 0, 5), (0, 0, -5), (0, -3, 4), (0, -3, -4), (0, -4, 3), (0, -4, -3), (0, -5, 0), (-3, 4, 0), (-3, 0, 4), (-3, 0, -4), (-3, -4, 0), (-4, 3, 0), (-4, 0, 3), (-4, 0, -3), (-4, -3, 0), (-5, 0, 0)]",2.0
22,46.38514716236457,72.0,"[(5, 1, 0), (5, 0, 1), (5, 0, -1), (5, -1, 0), (4, 3, 1), (4, 3, -1), (4, 1, 3), (4, 1, -3), (4, -1, 3), (4, -1, -3), (4, -3, 1), (4, -3, -1), (3, 4, 1), (3, 4, -1), (3, 1, 4), (3, 1, -4), (3, -1, 4), (3, -1, -4), (3, -4, 1), (3, -4, -1), (1, 5, 0), (1, 4, 3), (1, 4, -3), (1, 3, 4), (1, 3, -4), (1, 0, 5), (1, 0, -5), (1, -3, 4), (1, -3, -4), (1, -4, 3), (1, -4, -3), (1, -5, 0), (0, 5, 1), (0, 5, -1), (0, 1, 5), (0, 1, -5), (0, -1, 5), (0, -1, -5), (0, -5, 1), (0, -5, -1), (-1, 5, 0), (-1, 4, 3), (-1, 4, -3), (-1, 3, 4), (-1, 3, -4), (-1, 0, 5), (-1, 0, -5), (-1, -3, 4), (-1, -3, -4), (-1, -4, 3), (-1, -4, -3), (-1, -5, 0), (-3, 4, 1), (-3, 4, -1), (-3, 1, 4), (-3, 1, -4), (-3, -1, 4), (-3, -1, -4), (-3, -4, 1), (-3, -4, -1), (-4, 3, 1), (-4, 3, -1), (-4, 1, 3), (-4, 1, -3), (-4, -1, 3), (-4, -1, -3), (-4, -3, 1), (-4, -3, -1), (-5, 1, 0), (-5, 0, 1), (-5, 0, -1), (-5, -1, 0)]",1.9611613513818402
23,47.32205261272377,32.0,"[(5, 1, 1), (5, 1, -1), (5, -1, 1), (5, -1, -1), (3, 3, 3), (3, 3, -3), (3, -3, 3), (3, -3, -3), (1, 5, 1), (1, 5, -1), (1, 1, 5), (1, 1, -5), (1, -1, 5), (1, -1, -5), (1, -5, 1), (1, -5, -1), (-1, 5, 1), (-1, 5, -1), (-1, 1, 5), (-1, 1, -5), (-1, -1, 5), (-1, -1, -5), (-1, -5, 1), (-1, -5, -1), (-3, 3, 3), (-3, 3, -3), (-3, -3, 3), (-3, -3, -3), (-5, 1, 1), (-5, 1, -1), (-5, -1, 1), (-5, -1, -1)]",1.9245008972987523
24,49.15493698247827,72.0,"[(5, 0, 2), (5, 0, -2), (5, -2, 0), (2, 0, 5), (0, 5, 2), (0, 5, -2), (0, 2, 5), (0, -2, -5), (0, -5, 2), (0, -5, -2), (-2, 0, -5), (-5, 2, 0), (-5, 0, 2), (-5, 0, -2), (5, 2, 0), (4, 3, 2), (4, 3, -2), (4, 2, 3), (4, 2, -3), (4, -2, 3), (4, -2, -3), (4, -3, 2), (4, -3, -2), (3, 4, 2), (3, 4, -2), (3, 2, 4), (3, 2, -4), (3, -2, 4), (3, -2, -4), (3, -4, 2), (3, -4, -2), (2, 5, 0), (2, 4, 3), (2, 4, -3), (2, 3, 4), (2, 3, -4), (2, 0, -5), (2, -3, 4), (2, -3, -4), (2, -4, 3), (2, -4, -3), (2, -5, 0), (0, 2, -5), (0, -2, 5), (-2, 5, 0), (-2, 4, 3), (-2, 4, -3), (-2, 3, 4), (-2, 3, -4), (-2, 0, 5), (-2, -3, 4), (-2, -3, -4), (-2, -4, 3), (-2, -4, -3), (-2, -5, 0), (-3, 4, 2), (-3, 4, -2), (-3, 2, 4), (-3, 2, -4), (-3, -2, 4), (-3, -2, -4), (-3, -4, 2), (-3, -4, -2), (-4, 3, 2), (-4, 3, -2), (-4, 2, 3), (-4, 2, -3), (-4, -2, 3), (-4, -2, -3), (-4, -3, 2), (-4, -3, -2), (-5, -2, 0)]",1.8569533817705188
25,50.052509608186135,48.0,"[(5, 1, 2), (5, 1, -2), (5, -1, 2), (5, -1, -2), (5, -2, 1), (5, -2, -1), (2, 1, 5), (2, -1, 5), (2, -1, -5), (1, 5, 2), (1, 5, -2), (1, 2, 5), (1, -2, 5), (1, -2, -5), (1, -5, 2), (1, -5, -2), (-1, 5, 2), (-1, 5, -2), (-1, 2, 5), (-1, 2, -5), (-1, -2, -5), (-1, -5, 2), (-1, -5, -2), (-2, 1, 5), (-2, 1, -5), (-2, -1, -5), (-5, 2, 1), (-5, 2, -1), (-5, 1, 2), (-5, 1, -2), (-5, -1, 2), (-5, -1, -2), (5, 2, 1), (5, 2, -1), (2, 5, 1), (2, 5, -1), (2, 1, -5), (2, -5, 1), (2, -5, -1), (1, 2, -5), (-1, -2, 5), (-2, 5, 1), (-2, 5, -1), (-2, -1, 5), (-2, -5, 1), (-2, -5, -1), (-5, -2, 1), (-5, -2, -1)]",1.8257418583505538
26,51.81342050233426,12.0,"[(4, 4, 0), (4, 0, 4), (4, 0, -4), (4, -4, 0), (0, 4, 4), (0, 4, -4), (0, -4, 4), (0, -4, -4), (-4, 4, 0), (-4, 0, 4), (-4, 0, -4), (-4, -4, 0)]",1.7677669529663684
27,52.67799858252647,48.0,"[(5, 2, 2), (5, 2, -2), (5, -2, 2), (5, -2, -2), (4, -1, -4), (2, 5, 2), (2, 5, -2), (2, 2, 5), (2, 2, -5), (2, -2, 5), (2, -2, -5), (2, -5, 2), (2, -5, -2), (1, 4, 4), (1, 4, -4), (1, -4, 4), (1, -4, -4), (-1, 4, 4), (-1, 4, -4), (-1, -4, 4), (-1, -4, -4), (-2, 5, 2), (-2, 5, -2), (-2, 2, 5), (-2, 2, -5), (-2, -2, 5), (-2, -2, -5), (-2, -5, 2), (-2, -5, -2), (-4, 1, 4), (-5, 2, 2), (-5, 2, -2), (-5, -2, 2), (-5, -2, -2), (4, 4, 1), (4, 4, -1), (4, 1, 4), (4, 1, -4), (4, -1, 4), (4, -4, 1), (4, -4, -1), (-4, 4, 1), (-4, 4, -1), (-4, 1, -4), (-4, -1, 4), (-4, -1, -4), (-4, -4, 1), (-4, -4, -1)]",1.7407765595569784
28,53.53274174103871,48.0,"[(5, -3, 0), (3, 0, 5), (0, 3, 5), (0, -3, -5), (-3, 0, -5), (-5, 3, 0), (5, 3, 0), (5, 0, 3), (5, 0, -3), (4, 3, 3), (4, 3, -3), (4, -3, 3), (4, -3, -3), (3, 5, 0), (3, 4, 3), (3, 4, -3), (3, 3, 4), (3, 3, -4), (3, 0, -5), (3, -3, 4), (3, -3, -4), (3, -4, 3), (3, -4, -3), (3, -5, 0), (0, 5, 3), (0, 5, -3), (0, 3, -5), (0, -3, 5), (0, -5, 3), (0, -5, -3), (-3, 5, 0), (-3, 4, 3), (-3, 4, -3), (-3, 3, 4), (-3, 3, -4), (-3, 0, 5), (-3, -3, 4), (-3, -3, -4), (-3, -4, 3), (-3, -4, -3), (-3, -5, 0), (-4, 3, 3), (-4, 3, -3), (-4, -3, 3), (-4, -3, -3), (-5, 0, 3), (-5, 0, -3), (-5, -3, 0)]",1.7149858514250886
29,54.37816220497613,48.0,"[(5, 1, 3), (5, 1, -3), (5, -1, 3), (5, -1, -3), (5, -3, 1), (5, -3, -1), (3, 5, 1), (3, 5, -1), (3, 1, 5), (3, -1, 5), (3, -5, 1), (3, -5, -1), (1, 5, 3), (1, 5, -3), (1, 3, 5), (1, -3, -5), (1, -5, 3), (1, -5, -3), (-1, 5, 3), (-1, 5, -3), (-1, 3, 5), (-1, -3, -5), (-1, -5, 3), (-1, -5, -3), (-3, 5, 1), (-3, 5, -1), (-3, 1, -5), (-3, -1, -5), (-3, -5, 1), (-3, -5, -1), (-5, 3, 1), (-5, 3, -1), (-5, 1, 3), (-5, 1, -3), (-5, -1, 3), (-5, -1, -3), (5, 3, 1), (5, 3, -1), (3, 1, -5), (3, -1, -5), (1, 3, -5), (1, -3, 5), (-1, 3, -5), (-1, -3, 5), (-3, 1, 5), (-3, -1, 5), (-5, -3, 1), (-5, -3, -1)]",1.6903085094570331
30,55.21473685353179,30.0,"[(6, 0, 0), (4, 4, 2), (4, 4, -2), (4, 2, 4), (4, 2, -4), (4, -2, 4), (4, -2, -4), (4, -4, 2), (4, -4, -2), (2, 4, 4), (2, 4, -4), (2, -4, 4), (2, -4, -4), (0, 6, 0), (0, 0, 6), (0, 0, -6), (0, -6, 0), (-2, 4, 4), (-2, 4, -4), (-2, -4, 4), (-2, -4, -4), (-4, 4, 2), (-4, 4, -2), (-4, 2, 4), (-4, 2, -4), (-4, -2, 4), (-4, -2, -4), (-4, -4, 2), (-4, -4, -2), (-6, 0, 0)]",1.6666666666666665
31,56.04291068322785,24.0,"[(6, 1, 0), (6, 0, 1), (6, 0, -1), (6, -1, 0), (1, 6, 0), (1, 0, 6), (1, 0, -6), (1, -6, 0), (0, 6, 1), (0, 6, -1), (0, 1, 6), (0, 1, -6), (0, -1, 6), (0, -1, -6), (0, -6, 1), (0, -6, -1), (-1, 6, 0), (-1, 0, 6), (-1, 0, -6), (-1, -6, 0), (-6, 1, 0), (-6, 0, 1), (-6, 0, -1), (-6, -1, 0)]",1.6439898730535727
32,56.8630998543778,72.0,"[(5, 3, 2), (5, 3, -2), (5, 2, 3), (5, 2, -3), (5, -2, 3), (5, -2, -3), (5, -3, 2), (5, -3, -2), (3, 5, 2), (3, 5, -2), (3, 2, 5), (3, -2, 5), (3, -2, -5), (3, -5, 2), (3, -5, -2), (2, 5, 3), (2, 5, -3), (2, 3, 5), (2, -3, 5), (2, -3, -5), (2, -5, 3), (2, -5, -3), (-2, 5, 3), (-2, 5, -3), (-2, 3, 5), (-2, 3, -5), (-2, -3, -5), (-2, -5, 3), (-2, -5, -3), (-3, 5, 2), (-3, 5, -2), (-3, 2, 5), (-3, 2, -5), (-3, -2, -5), (-3, -5, 2), (-3, -5, -2), (-5, 3, 2), (-5, 3, -2), (-5, 2, 3), (-5, 2, -3), (-5, -2, 3), (-5, -2, -3), (-5, -3, 2), (-5, -3, -2), (6, 1, 1), (6, 1, -1), (6, -1, 1), (6, -1, -1), (3, 2, -5), (2, 3, -5), (1, 6, 1), (1, 6, -1), (1, 1, 6), (1, 1, -6), (1, -1, 6), (1, -1, -6), (1, -6, 1), (1, -6, -1), (-1, 6, 1), (-1, 6, -1), (-1, 1, 6), (-1, 1, -6), (-1, -1, 6), (-1, -1, -6), (-1, -6, 1), (-1, -6, -1), (-2, -3, 5), (-3, -2, 5), (-6, 1, 1), (-6, 1, -1), (-6, -1, 1), (-6, -1, -1)]",1.6222142113076254
33,58.48106050182693,24.0,"[(6, 0, 2), (6, 0, -2), (6, -2, 0), (2, 0, 6), (0, 6, 2), (0, 6, -2), (0, 2, 6), (0, -2, -6), (0, -6, 2), (0, -6, -2), (-2, 0, -6), (-6, 2, 0), (-6, 0, 2), (-6, 0, -2), (6, 2, 0), (2, 6, 0), (2, 0, -6), (2, -6, 0), (0, 2, -6), (0, -2, 6), (-2, 6, 0), (-2, 0, 6), (-2, -6, 0), (-6, -2, 0)]",1.5811388300841895
34,59.27954281288137,96.0,"[(6, 1, 2), (6, 1, -2), (6, -1, 2), (6, -1, -2), (6, -2, 1), (6, -2, -1), (5, 4, 0), (5, 0, 4), (5, 0, -4), (5, -4, 0), (4, 5, 0), (4, 4, 3), (4, 4, -3), (4, 3, 4), (4, 3, -4), (4, 0, 5), (4, 0, -5), (4, -3, 4), (4, -3, -4), (4, -4, 3), (4, -4, -3), (4, -5, 0), (3, 4, 4), (3, 4, -4), (3, -4, 4), (3, -4, -4), (2, 1, 6), (2, -1, 6), (2, -1, -6), (1, 6, 2), (1, 6, -2), (1, 2, 6), (1, -2, -6), (1, -6, 2), (1, -6, -2), (0, 5, 4), (0, 5, -4), (0, 4, 5), (0, 4, -5), (0, -4, 5), (0, -4, -5), (0, -5, 4), (0, -5, -4), (-1, 6, 2), (-1, 6, -2), (-1, 2, 6), (-1, -2, -6), (-1, -6, 2), (-1, -6, -2), (-2, 1, 6), (-2, 1, -6), (-2, -1, -6), (-3, 4, 4), (-3, 4, -4), (-3, -4, 4), (-3, -4, -4), (-4, 5, 0), (-4, 4, 3), (-4, 4, -3), (-4, 3, 4), (-4, 3, -4), (-4, 0, 5), (-4, 0, -5), (-4, -3, 4), (-4, -3, -4), (-4, -4, 3), (-4, -4, -3), (-4, -5, 0), (-5, 4, 0), (-5, 0, 4), (-5, 0, -4), (-5, -4, 0), (-6, 2, 1), (-6, 2, -1), (-6, 1, 2), (-6, 1, -2), (-6, -1, 2), (-6, -1, -2), (6, 2, 1), (6, 2, -1), (2, 6, 1), (2, 6, -1), (2, 1, -6), (2, -6, 1), (2, -6, -1), (1, 2, -6), (1, -2, 6), (-1, 2, -6), (-1, -2, 6), (-2, 6, 1), (-2, 6, -1), (-2, -1, 6), (-2, -6, 1), (-2, -6, -1), (-6, -2, 1), (-6, -2, -1)]",1.5617376188860606
35,60.07146613347016,48.0,"[(5, -4, 1), (5, -4, -1), (4, 1, 5), (4, -1, 5), (1, 4, 5), (1, -4, -5), (-1, 4, 5), (-1, -4, -5), (-4, 1, -5), (-4, -1, -5), (-5, 4, 1), (-5, 4, -1), (5, 4, 1), (5, 4, -1), (5, 1, 4), (5, 1, -4), (5, -1, 4), (5, -1, -4), (4, 5, 1), (4, 5, -1), (4, 1, -5), (4, -1, -5), (4, -5, 1), (4, -5, -1), (1, 5, 4), (1, 5, -4), (1, 4, -5), (1, -4, 5), (1, -5, 4), (1, -5, -4), (-1, 5, 4), (-1, 5, -4), (-1, 4, -5), (-1, -4, 5), (-1, -5, 4), (-1, -5, -4), (-4, 5, 1), (-4, 5, -1), (-4, 1, 5), (-4, -1, 5), (-4, -5, 1), (-4, -5, -1), (-5, 1, 4), (-5, 1, -4), (-5, -1, 4), (-5, -1, -4), (-5, -4, 1), (-5, -4, -1)]",1.5430334996209192
36,60.8571371994093,24.0,"[(5, -3, 3), (5, -3, -3), (3, 5, 3), (3, 5, -3), (3, 3, 5), (3, -3, 5), (3, -3, -5), (3, -5, 3), (3, -5, -3), (-3, 5, 3), (-3, 5, -3), (-3, 3, 5), (-3, 3, -5), (-3, -3, -5), (-3, -5, 3), (-3, -5, -3), (-5, 3, 3), (-5, 3, -3), (5, 3, 3), (5, 3, -3), (3, 3, -5), (-3, -3, 5), (-5, -3, 3), (-5, -3, -3)]",1.5249857033260468
37,61.63684617081033,24.0,"[(6, 2, 2), (6, 2, -2), (6, -2, 2), (6, -2, -2), (2, 6, 2), (2, 6, -2), (2, 2, 6), (2, 2, -6), (2, -2, 6), (2, -2, -6), (2, -6, 2), (2, -6, -2), (-2, 6, 2), (-2, 6, -2), (-2, 2, 6), (-2, 2, -6), (-2, -2, 6), (-2, -2, -6), (-2, -6, 2), (-2, -6, -2), (-6, 2, 2), (-6, 2, -2), (-6, -2, 2), (-6, -2, -2)]",1.507556722888818
38,62.410867988976804,72.0,"[(6, -3, 0), (5, 4, 2), (5, 4, -2), (5, 2, 4), (5, 2, -4), (5, -2, 4), (5, -2, -4), (5, -4, 2), (5, -4, -2), (4, 5, 2), (4, 5, -2), (4, 2, 5), (4, 2, -5), (4, -2, 5), (4, -2, -5), (4, -5, 2), (4, -5, -2), (2, 5, 4), (2, 5, -4), (2, 4, 5), (2, 4, -5), (2, -4, 5), (2, -4, -5), (2, -5, 4), (2, -5, -4), (-2, 5, 4), (-2, 5, -4), (-2, 4, 5), (-2, 4, -5), (-2, -4, 5), (-2, -4, -5), (-2, -5, 4), (-2, -5, -4), (-4, 5, 2), (-4, 5, -2), (-4, 2, 5), (-4, 2, -5), (-4, -2, 5), (-4, -2, -5), (-4, -5, 2), (-4, -5, -2), (-5, 4, 2), (-5, 4, -2), (-5, 2, 4), (-5, 2, -4), (-5, -2, 4), (-5, -2, -4), (-5, -4, 2), (-5, -4, -2), (-6, 3, 0), (6, 3, 0), (6, 0, 3), (6, 0, -3), (3, 6, 0), (3, 0, 6), (3, 0, -6), (3, -6, 0), (0, 6, 3), (0, 6, -3), (0, 3, 6), (0, 3, -6), (0, -3, 6), (0, -3, -6), (0, -6, 3), (0, -6, -3), (-3, 6, 0), (-3, 0, 6), (-3, 0, -6), (-3, -6, 0), (-6, 0, 3), (-6, 0, -3), (-6, -3, 0)]",1.4907119849998598
39,63.1794635992587,48.0,"[(6, 3, 1), (6, 3, -1), (6, 1, 3), (6, 1, -3), (6, -1, 3), (6, -1, -3), (6, -3, 1), (6, -3, -1), (3, 6, 1), (3, 6, -1), (3, 1, 6), (3, 1, -6), (3, -1, 6), (3, -1, -6), (3, -6, 1), (3, -6, -1), (1, 6, 3), (1, 6, -3), (1, 3, 6), (1, 3, -6), (1, -3, 6), (1, -3, -6), (1, -6, 3), (1, -6, -3), (-1, 6, 3), (-1, 6, -3), (-1, 3, 6), (-1, 3, -6), (-1, -3, 6), (-1, -3, -6), (-1, -6, 3), (-1, -6, -3), (-3, 6, 1), (-3, 6, -1), (-3, 1, 6), (-3, 1, -6), (-3, -1, 6), (-3, -1, -6), (-3, -6, 1), (-3, -6, -1), (-6, 3, 1), (-6, 3, -1), (-6, 1, 3), (-6, 1, -3), (-6, -1, 3), (-6, -1, -3), (-6, -3, 1), (-6, -3, -1)]",1.474419561548971
40,64.70135652276947,8.0,"[(4, 4, 4), (4, 4, -4), (4, -4, 4), (4, -4, -4), (-4, 4, 4), (-4, 4, -4), (-4, -4, 4), (-4, -4, -4)]",1.443375672974064
41,65.4551151817808,54.0,"[(7, 0, 0), (6, 3, 2), (6, 3, -2), (6, 2, 3), (6, 2, -3), (6, -2, 3), (6, -2, -3), (6, -3, 2), (6, -3, -2), (3, 6, 2), (3, 6, -2), (3, 2, 6), (3, -2, 6), (3, -2, -6), (3, -6, 2), (3, -6, -2), (2, 6, 3), (2, 6, -3), (2, 3, 6), (2, -3, 6), (2, -3, -6), (2, -6, 3), (2, -6, -3), (0, 7, 0), (0, 0, 7), (0, 0, -7), (0, -7, 0), (-2, 6, 3), (-2, 6, -3), (-2, 3, 6), (-2, 3, -6), (-2, -3, -6), (-2, -6, 3), (-2, -6, -3), (-3, 6, 2), (-3, 6, -2), (-3, 2, 6), (-3, 2, -6), (-3, -2, -6), (-3, -6, 2), (-3, -6, -2), (-6, 3, 2), (-6, 3, -2), (-6, 2, 3), (-6, 2, -3), (-6, -2, 3), (-6, -2, -3), (-6, -3, 2), (-6, -3, -2), (-7, 0, 0), (3, 2, -6), (2, 3, -6), (-2, -3, 6), (-3, -2, 6)]",1.4285714285714284
42,66.20437205966759,84.0,"[(5, 0, 5), (5, -5, 0), (0, 5, 5), (0, -5, -5), (-5, 5, 0), (-5, 0, -5), (7, 1, 0), (7, 0, 1), (7, 0, -1), (7, -1, 0), (5, 5, 0), (5, 4, 3), (5, 4, -3), (5, 3, 4), (5, 3, -4), (5, 0, -5), (5, -3, 4), (5, -3, -4), (5, -4, 3), (5, -4, -3), (4, 5, 3), (4, 5, -3), (4, 3, 5), (4, 3, -5), (4, -3, 5), (4, -3, -5), (4, -5, 3), (4, -5, -3), (3, 5, 4), (3, 5, -4), (3, 4, 5), (3, 4, -5), (3, -4, 5), (3, -4, -5), (3, -5, 4), (3, -5, -4), (1, 7, 0), (1, 0, 7), (1, 0, -7), (1, -7, 0), (0, 7, 1), (0, 7, -1), (0, 5, -5), (0, 1, 7), (0, 1, -7), (0, -1, 7), (0, -1, -7), (0, -5, 5), (0, -7, 1), (0, -7, -1), (-1, 7, 0), (-1, 0, 7), (-1, 0, -7), (-1, -7, 0), (-3, 5, 4), (-3, 5, -4), (-3, 4, 5), (-3, 4, -5), (-3, -4, 5), (-3, -4, -5), (-3, -5, 4), (-3, -5, -4), (-4, 5, 3), (-4, 5, -3), (-4, 3, 5), (-4, 3, -5), (-4, -3, 5), (-4, -3, -5), (-4, -5, 3), (-4, -5, -3), (-5, 4, 3), (-5, 4, -3), (-5, 3, 4), (-5, 3, -4), (-5, 0, 5), (-5, -3, 4), (-5, -3, -4), (-5, -4, 3), (-5, -4, -3), (-5, -5, 0), (-7, 1, 0), (-7, 0, 1), (-7, 0, -1), (-7, -1, 0)]",1.4142135623730951
43,66.94933278188766,48.0,"[(5, 5, 1), (5, 5, -1), (5, 1, 5), (5, 1, -5), (5, -1, 5), (5, -1, -5), (5, -5, 1), (5, -5, -1), (1, 5, 5), (1, 5, -5), (1, -5, 5), (1, -5, -5), (-1, 5, 5), (-1, 5, -5), (-1, -5, 5), (-1, -5, -5), (-5, 5, 1), (-5, 5, -1), (-5, 1, 5), (-5, 1, -5), (-5, -1, 5), (-5, -1, -5), (-5, -5, 1), (-5, -5, -1), (7, 1, 1), (7, 1, -1), (7, -1, 1), (7, -1, -1), (1, 7, 1), (1, 7, -1), (1, 1, 7), (1, 1, -7), (1, -1, 7), (1, -1, -7), (1, -7, 1), (1, -7, -1), (-1, 7, 1), (-1, 7, -1), (-1, 1, 7), (-1, 1, -7), (-1, -1, 7), (-1, -1, -7), (-1, -7, 1), (-1, -7, -1), (-7, 1, 1), (-7, 1, -1), (-7, -1, 1), (-7, -1, -1)]",1.4002800840280099
44,67.69019426172261,24.0,"[(6, 4, 0), (6, 0, 4), (6, 0, -4), (6, -4, 0), (4, 6, 0), (4, 0, 6), (4, 0, -6), (4, -6, 0), (0, 6, 4), (0, 6, -4), (0, 4, 6), (0, 4, -6), (0, -4, 6), (0, -4, -6), (0, -6, 4), (0, -6, -4), (-4, 6, 0), (-4, 0, 6), (-4, 0, -6), (-4, -6, 0), (-6, 4, 0), (-6, 0, 4), (-6, 0, -4), (-6, -4, 0)]",1.3867504905630728
45,68.42714533143943,72.0,"[(6, -4, 1), (6, -4, -1), (2, 0, 7), (1, 4, 6), (0, 2, 7), (0, -2, -7), (-1, -4, -6), (-2, 0, -7), (-6, 4, 1), (-6, 4, -1), (7, 2, 0), (7, 0, 2), (7, 0, -2), (7, -2, 0), (6, 4, 1), (6, 4, -1), (6, 1, 4), (6, 1, -4), (6, -1, 4), (6, -1, -4), (4, 6, 1), (4, 6, -1), (4, 1, 6), (4, 1, -6), (4, -1, 6), (4, -1, -6), (4, -6, 1), (4, -6, -1), (2, 7, 0), (2, 0, -7), (2, -7, 0), (1, 6, 4), (1, 6, -4), (1, 4, -6), (1, -4, 6), (1, -4, -6), (1, -6, 4), (1, -6, -4), (0, 7, 2), (0, 7, -2), (0, 2, -7), (0, -2, 7), (0, -7, 2), (0, -7, -2), (-1, 6, 4), (-1, 6, -4), (-1, 4, 6), (-1, 4, -6), (-1, -4, 6), (-1, -6, 4), (-1, -6, -4), (-2, 7, 0), (-2, 0, 7), (-2, -7, 0), (-4, 6, 1), (-4, 6, -1), (-4, 1, 6), (-4, 1, -6), (-4, -1, 6), (-4, -1, -6), (-4, -6, 1), (-4, -6, -1), (-6, 1, 4), (-6, 1, -4), (-6, -1, 4), (-6, -1, -4), (-6, -4, 1), (-6, -4, -1), (-7, 2, 0), (-7, 0, 2), (-7, 0, -2), (-7, -2, 0)]",1.3736056394868903
46,69.16036732160084,96.0,"[(5, 2, 5), (5, -2, 5), (5, -5, 2), (5, -5, -2), (2, 5, 5), (-2, -5, -5), (-5, 5, 2), (-5, 5, -2), (-5, 2, -5), (-5, -2, -5), (5, 5, 2), (5, 5, -2), (5, 2, -5), (5, -2, -5), (2, 5, -5), (2, 1, 7), (2, -1, 7), (2, -5, 5), (2, -5, -5), (1, 2, 7), (1, -2, -7), (-1, 2, 7), (-1, -2, -7), (-2, 5, 5), (-2, 5, -5), (-2, 1, -7), (-2, -1, -7), (-2, -5, 5), (-5, 2, 5), (-5, -2, 5), (-5, -5, 2), (-5, -5, -2), (7, 2, 1), (7, 2, -1), (7, 1, 2), (7, 1, -2), (7, -1, 2), (7, -1, -2), (7, -2, 1), (7, -2, -1), (6, 3, 3), (6, 3, -3), (6, -3, 3), (6, -3, -3), (3, 6, 3), (3, 6, -3), (3, 3, 6), (3, 3, -6), (3, -3, 6), (3, -3, -6), (3, -6, 3), (3, -6, -3), (2, 7, 1), (2, 7, -1), (2, 1, -7), (2, -1, -7), (2, -7, 1), (2, -7, -1), (1, 7, 2), (1, 7, -2), (1, 2, -7), (1, -2, 7), (1, -7, 2), (1, -7, -2), (-1, 7, 2), (-1, 7, -2), (-1, 2, -7), (-1, -2, 7), (-1, -7, 2), (-1, -7, -2), (-2, 7, 1), (-2, 7, -1), (-2, 1, 7), (-2, -1, 7), (-2, -7, 1), (-2, -7, -1), (-3, 6, 3), (-3, 6, -3), (-3, 3, 6), (-3, 3, -6), (-3, -3, 6), (-3, -3, -6), (-3, -6, 3), (-3, -6, -3), (-6, 3, 3), (-6, 3, -3), (-6, -3, 3), (-6, -3, -3), (-7, 2, 1), (-7, 2, -1), (-7, 1, 2), (-7, 1, -2), (-7, -1, 2), (-7, -1, -2), (-7, -2, 1), (-7, -2, -1)]",1.3608276348795436
47,70.61631503208692,48.0,"[(6, 4, 2), (6, 4, -2), (6, 2, 4), (6, 2, -4), (6, -2, 4), (6, -2, -4), (6, -4, 2), (6, -4, -2), (4, 6, 2), (4, 6, -2), (4, 2, 6), (4, 2, -6), (4, -2, 6), (4, -2, -6), (4, -6, 2), (4, -6, -2), (2, 6, 4), (2, 6, -4), (2, 4, 6), (2, 4, -6), (2, -4, 6), (2, -4, -6), (2, -6, 4), (2, -6, -4), (-2, 6, 4), (-2, 6, -4), (-2, 4, 6), (-2, 4, -6), (-2, -4, 6), (-2, -4, -6), (-2, -6, 4), (-2, -6, -4), (-4, 6, 2), (-4, 6, -2), (-4, 2, 6), (-4, 2, -6), (-4, -2, 6), (-4, -2, -6), (-4, -6, 2), (-4, -6, -2), (-6, 4, 2), (-6, 4, -2), (-6, 2, 4), (-6, 2, -4), (-6, -2, 4), (-6, -2, -4), (-6, -4, 2), (-6, -4, -2)]",1.3363062095621219
48,71.33937049565088,48.0,"[(5, -4, 4), (5, -4, -4), (4, 4, 5), (-4, -4, -5), (-5, 4, 4), (-5, 4, -4), (5, 4, 4), (5, 4, -4), (4, 5, 4), (4, 5, -4), (4, 4, -5), (4, -4, 5), (4, -4, -5), (4, -5, 4), (4, -5, -4), (2, 2, 7), (2, -2, 7), (2, -2, -7), (-2, 2, 7), (-2, 2, -7), (-2, -2, -7), (-4, 5, 4), (-4, 5, -4), (-4, 4, 5), (-4, 4, -5), (-4, -4, 5), (-4, -5, 4), (-4, -5, -4), (-5, -4, 4), (-5, -4, -4), (7, 2, 2), (7, 2, -2), (7, -2, 2), (7, -2, -2), (2, 7, 2), (2, 7, -2), (2, 2, -7), (2, -7, 2), (2, -7, -2), (-2, 7, 2), (-2, 7, -2), (-2, -2, 7), (-2, -7, 2), (-2, -7, -2), (-7, 2, 2), (-7, 2, -2), (-7, -2, 2), (-7, -2, -2)]",1.3245323570650438
49,72.05935723917207,24.0,"[(7, -3, 0), (3, 7, 0), (3, 0, 7), (3, -7, 0), (0, 3, 7), (0, -3, -7), (-3, 7, 0), (-3, 0, -7), (-3, -7, 0), (-7, 3, 0), (7, 3, 0), (7, 0, 3), (7, 0, -3), (3, 0, -7), (0, 7, 3), (0, 7, -3), (0, 3, -7), (0, -3, 7), (0, -7, 3), (0, -7, -3), (-3, 0, 7), (-7, 0, 3), (-7, 0, -3), (-7, -3, 0)]",1.3130643285972254
50,72.77642630144578,72.0,"[(7, -3, 1), (7, -3, -1), (5, 5, 3), (5, 5, -3), (5, 3, 5), (5, 3, -5), (5, -3, 5), (5, -3, -5), (5, -5, 3), (5, -5, -3), (3, 7, 1), (3, 7, -1), (3, 5, 5), (3, 5, -5), (3, 1, 7), (3, -1, 7), (3, -5, 5), (3, -5, -5), (3, -7, 1), (3, -7, -1), (1, 3, 7), (1, -3, -7), (-1, 3, 7), (-1, -3, -7), (-3, 7, 1), (-3, 7, -1), (-3, 5, 5), (-3, 5, -5), (-3, 1, -7), (-3, -1, -7), (-3, -5, 5), (-3, -5, -5), (-3, -7, 1), (-3, -7, -1), (-5, 5, 3), (-5, 5, -3), (-5, 3, 5), (-5, 3, -5), (-5, -3, 5), (-5, -3, -5), (-5, -5, 3), (-5, -5, -3), (-7, 3, 1), (-7, 3, -1), (7, 3, 1), (7, 3, -1), (7, 1, 3), (7, 1, -3), (7, -1, 3), (7, -1, -3), (3, 1, -7), (3, -1, -7), (1, 7, 3), (1, 7, -3), (1, 3, -7), (1, -3, 7), (1, -7, 3), (1, -7, -3), (-1, 7, 3), (-1, 7, -3), (-1, 3, -7), (-1, -3, 7), (-1, -7, 3), (-1, -7, -3), (-3, 1, 7), (-3, -1, 7), (-7, 1, 3), (-7, 1, -3), (-7, -1, 3), (-7, -1, -3), (-7, -3, 1), (-7, -3, -1)]",1.3018891098082386
51,74.20239160171778,72.0,"[(6, 5, 0), (6, 4, 3), (6, 4, -3), (6, 3, 4), (6, 3, -4), (6, 0, 5), (6, 0, -5), (6, -3, 4), (6, -3, -4), (6, -4, 3), (6, -4, -3), (6, -5, 0), (5, 6, 0), (5, 0, 6), (5, 0, -6), (5, -6, 0), (4, 6, 3), (4, 6, -3), (4, 3, 6), (4, 3, -6), (4, -3, 6), (4, -3, -6), (4, -6, 3), (4, -6, -3), (3, 6, 4), (3, 6, -4), (3, 4, 6), (3, 4, -6), (3, -4, 6), (3, -4, -6), (3, -6, 4), (3, -6, -4), (0, 6, 5), (0, 6, -5), (0, 5, 6), (0, 5, -6), (0, -5, 6), (0, -5, -6), (0, -6, 5), (0, -6, -5), (-3, 6, 4), (-3, 6, -4), (-3, 4, 6), (-3, 4, -6), (-3, -4, 6), (-3, -4, -6), (-3, -6, 4), (-3, -6, -4), (-4, 6, 3), (-4, 6, -3), (-4, 3, 6), (-4, 3, -6), (-4, -3, 6), (-4, -3, -6), (-4, -6, 3), (-4, -6, -3), (-5, 6, 0), (-5, 0, 6), (-5, 0, -6), (-5, -6, 0), (-6, 5, 0), (-6, 4, 3), (-6, 4, -3), (-6, 3, 4), (-6, 3, -4), (-6, 0, 5), (-6, 0, -5), (-6, -3, 4), (-6, -3, -4), (-6, -4, 3), (-6, -4, -3), (-6, -5, 0)]",1.2803687993289596
52,74.91156696814596,96.0,"[(7, -2, -3), (7, -3, 2), (7, -3, -2), (6, 5, 1), (6, 5, -1), (6, 1, 5), (6, 1, -5), (6, -1, 5), (6, -1, -5), (6, -5, 1), (6, -5, -1), (5, 6, 1), (5, 6, -1), (5, 1, 6), (5, 1, -6), (5, -1, 6), (5, -1, -6), (5, -6, 1), (5, -6, -1), (3, 7, 2), (3, 7, -2), (3, 2, 7), (3, -2, 7), (3, -2, -7), (3, -7, 2), (3, -7, -2), (2, 3, 7), (2, -3, 7), (2, -3, -7), (1, 6, 5), (1, 6, -5), (1, 5, 6), (1, 5, -6), (1, -5, 6), (1, -5, -6), (1, -6, 5), (1, -6, -5), (-1, 6, 5), (-1, 6, -5), (-1, 5, 6), (-1, 5, -6), (-1, -5, 6), (-1, -5, -6), (-1, -6, 5), (-1, -6, -5), (-2, 3, 7), (-2, 3, -7), (-2, -3, -7), (-3, 7, 2), (-3, 7, -2), (-3, 2, 7), (-3, 2, -7), (-3, -2, -7), (-3, -7, 2), (-3, -7, -2), (-5, 6, 1), (-5, 6, -1), (-5, 1, 6), (-5, 1, -6), (-5, -1, 6), (-5, -1, -6), (-5, -6, 1), (-5, -6, -1), (-6, 5, 1), (-6, 5, -1), (-6, 1, 5), (-6, 1, -5), (-6, -1, 5), (-6, -1, -5), (-6, -5, 1), (-6, -5, -1), (-7, 3, 2), (-7, 3, -2), (-7, 2, 3), (7, 3, 2), (7, 3, -2), (7, 2, 3), (7, 2, -3), (7, -2, 3), (3, 2, -7), (2, 7, 3), (2, 7, -3), (2, 3, -7), (2, -7, 3), (2, -7, -3), (-2, 7, 3), (-2, 7, -3), (-2, -3, 7), (-2, -7, 3), (-2, -7, -3), (-3, -2, 7), (-7, 2, -3), (-7, -2, 3), (-7, -2, -3), (-7, -3, 2), (-7, -3, -2)]",1.270001270001905
53,76.32297116359109,6.0,"[(8, 0, 0), (0, 8, 0), (0, 0, 8), (0, 0, -8), (0, -8, 0), (-8, 0, 0)]",1.25
54,77.02545644342153,96.0,"[(8, 1, 0), (8, 0, 1), (8, 0, -1), (8, -1, 0), (7, 4, 0), (7, 0, 4), (7, 0, -4), (7, -4, 0), (6, 5, 2), (6, 5, -2), (6, 2, 5), (6, 2, -5), (6, -2, 5), (6, -2, -5), (6, -5, 2), (6, -5, -2), (5, 6, 2), (5, 6, -2), (5, 2, 6), (5, 2, -6), (5, -2, 6), (5, -2, -6), (5, -6, 2), (5, -6, -2), (4, 7, 0), (4, 0, 7), (4, 0, -7), (4, -7, 0), (2, 6, 5), (2, 6, -5), (2, 5, 6), (2, 5, -6), (2, -5, 6), (2, -5, -6), (2, -6, 5), (2, -6, -5), (1, 8, 0), (1, 0, 8), (1, 0, -8), (1, -8, 0), (0, 8, 1), (0, 8, -1), (0, 7, 4), (0, 7, -4), (0, 4, 7), (0, 4, -7), (0, 1, 8), (0, 1, -8), (0, -1, 8), (0, -1, -8), (0, -4, 7), (0, -4, -7), (0, -7, 4), (0, -7, -4), (0, -8, 1), (0, -8, -1), (-1, 8, 0), (-1, 0, 8), (-1, 0, -8), (-1, -8, 0), (-2, 6, 5), (-2, 6, -5), (-2, 5, 6), (-2, 5, -6), (-2, -5, 6), (-2, -5, -6), (-2, -6, 5), (-2, -6, -5), (-4, 7, 0), (-4, 0, 7), (-4, 0, -7), (-4, -7, 0), (-5, 6, 2), (-5, 6, -2), (-5, 2, 6), (-5, 2, -6), (-5, -2, 6), (-5, -2, -6), (-5, -6, 2), (-5, -6, -2), (-6, 5, 2), (-6, 5, -2), (-6, 2, 5), (-6, 2, -5), (-6, -2, 5), (-6, -2, -5), (-6, -5, 2), (-6, -5, -2), (-7, 4, 0), (-7, 0, 4), (-7, 0, -4), (-7, -4, 0), (-8, 1, 0), (-8, 0, 1), (-8, 0, -1), (-8, -1, 0)]",1.2403473458920844
55,77.72596275663936,96.0,"[(7, -4, 1), (7, -4, -1), (5, 5, 4), (5, 5, -4), (5, 4, 5), (5, -4, 5), (5, -4, -5), (5, -5, 4), (5, -5, -4), (4, 5, 5), (4, 5, -5), (4, 1, 7), (4, -1, 7), (4, -5, 5), (4, -5, -5), (1, 8, 1), (1, 8, -1), (1, 4, 7), (1, 1, 8), (1, -1, 8), (1, -1, -8), (1, -4, -7), (1, -8, 1), (1, -8, -1), (-1, 8, 1), (-1, 8, -1), (-1, 4, 7), (-1, 1, 8), (-1, 1, -8), (-1, -1, -8), (-1, -4, -7), (-1, -8, 1), (-1, -8, -1), (-4, 5, 5), (-4, 5, -5), (-4, 1, -7), (-4, -1, -7), (-4, -5, 5), (-4, -5, -5), (-5, 5, 4), (-5, 5, -4), (-5, 4, 5), (-5, 4, -5), (-5, -4, -5), (-5, -5, 4), (-5, -5, -4), (-7, 4, 1), (-7, 4, -1), (8, 1, 1), (8, 1, -1), (8, -1, 1), (8, -1, -1), (7, 4, 1), (7, 4, -1), (7, 1, 4), (7, 1, -4), (7, -1, 4), (7, -1, -4), (5, 4, -5), (4, 7, 1), (4, 7, -1), (4, 1, -7), (4, -1, -7), (4, -7, 1), (4, -7, -1), (1, 7, 4), (1, 7, -4), (1, 4, -7), (1, 1, -8), (1, -4, 7), (1, -7, 4), (1, -7, -4), (-1, 7, 4), (-1, 7, -4), (-1, 4, -7), (-1, -1, 8), (-1, -4, 7), (-1, -7, 4), (-1, -7, -4), (-4, 7, 1), (-4, 7, -1), (-4, 1, 7), (-4, -1, 7), (-4, -7, 1), (-4, -7, -1), (-5, -4, 5), (-7, 1, 4), (-7, 1, -4), (-7, -1, 4), (-7, -1, -4), (-7, -4, 1), (-7, -4, -1), (-8, 1, 1), (-8, 1, -1), (-8, -1, 1), (-8, -1, -1)]",1.2309149097933274
56,78.42461059555875,24.0,"[(7, -3, 3), (7, -3, -3), (3, 7, 3), (3, 7, -3), (3, 3, 7), (3, -3, 7), (3, -3, -7), (3, -7, 3), (3, -7, -3), (-3, 7, 3), (-3, 7, -3), (-3, 3, 7), (-3, 3, -7), (-3, -3, -7), (-3, -7, 3), (-3, -7, -3), (-7, 3, 3), (-7, 3, -3), (7, 3, 3), (7, 3, -3), (3, 3, -7), (-3, -3, 7), (-7, -3, 3), (-7, -3, -3)]",1.2216944435630521
57,79.12151776076156,48.0,"[(6, -4, 4), (6, -4, -4), (4, 4, 6), (2, 8, 0), (2, 0, 8), (2, 0, -8), (2, -8, 0), (0, 2, 8), (0, 2, -8), (0, -2, 8), (0, -2, -8), (-2, 8, 0), (-2, 0, 8), (-2, 0, -8), (-2, -8, 0), (-4, -4, -6), (-6, 4, 4), (-6, 4, -4), (8, 2, 0), (8, 0, 2), (8, 0, -2), (8, -2, 0), (6, 4, 4), (6, 4, -4), (4, 6, 4), (4, 6, -4), (4, 4, -6), (4, -4, 6), (4, -4, -6), (4, -6, 4), (4, -6, -4), (0, 8, 2), (0, 8, -2), (0, -8, 2), (0, -8, -2), (-4, 6, 4), (-4, 6, -4), (-4, 4, 6), (-4, 4, -6), (-4, -4, 6), (-4, -6, 4), (-4, -6, -4), (-6, -4, 4), (-6, -4, -4), (-8, 2, 0), (-8, 0, 2), (-8, 0, -2), (-8, -2, 0)]",1.2126781251816647
58,79.81679956554122,96.0,"[(8, 2, 1), (8, 2, -1), (8, 1, 2), (8, 1, -2), (8, -1, 2), (8, -1, -2), (8, -2, 1), (8, -2, -1), (7, 4, 2), (7, 4, -2), (7, 2, 4), (7, 2, -4), (7, -2, 4), (7, -2, -4), (7, -4, 2), (7, -4, -2), (4, 7, 2), (4, 7, -2), (4, 2, 7), (4, 2, -7), (4, -2, 7), (4, -2, -7), (4, -7, 2), (4, -7, -2), (2, 8, 1), (2, 8, -1), (2, 7, 4), (2, 7, -4), (2, 4, 7), (2, 4, -7), (2, 1, 8), (2, 1, -8), (2, -1, 8), (2, -1, -8), (2, -4, 7), (2, -4, -7), (2, -7, 4), (2, -7, -4), (2, -8, 1), (2, -8, -1), (1, 8, 2), (1, 8, -2), (1, 2, 8), (1, 2, -8), (1, -2, 8), (1, -2, -8), (1, -8, 2), (1, -8, -2), (-1, 8, 2), (-1, 8, -2), (-1, 2, 8), (-1, 2, -8), (-1, -2, 8), (-1, -2, -8), (-1, -8, 2), (-1, -8, -2), (-2, 8, 1), (-2, 8, -1), (-2, 7, 4), (-2, 7, -4), (-2, 4, 7), (-2, 4, -7), (-2, 1, 8), (-2, 1, -8), (-2, -1, 8), (-2, -1, -8), (-2, -4, 7), (-2, -4, -7), (-2, -7, 4), (-2, -7, -4), (-2, -8, 1), (-2, -8, -1), (-4, 7, 2), (-4, 7, -2), (-4, 2, 7), (-4, 2, -7), (-4, -2, 7), (-4, -2, -7), (-4, -7, 2), (-4, -7, -2), (-7, 4, 2), (-7, 4, -2), (-7, 2, 4), (-7, 2, -4), (-7, -2, 4), (-7, -2, -4), (-7, -4, 2), (-7, -4, -2), (-8, 2, 1), (-8, 2, -1), (-8, 1, 2), (-8, 1, -2), (-8, -1, 2), (-8, -1, -2), (-8, -2, 1), (-8, -2, -1)]",1.203858530857692
59,80.51056902996076,48.0,"[(6, -3, -5), (5, 3, 6), (5, -3, 6), (5, -3, -6), (3, 5, 6), (3, -5, 6), (-3, 5, -6), (-3, -5, -6), (-5, 3, 6), (-5, 3, -6), (-5, -3, -6), (-6, 3, 5), (6, 5, 3), (6, 5, -3), (6, 3, 5), (6, 3, -5), (6, -3, 5), (6, -5, 3), (6, -5, -3), (5, 6, 3), (5, 6, -3), (5, 3, -6), (5, -6, 3), (5, -6, -3), (3, 6, 5), (3, 6, -5), (3, 5, -6), (3, -5, -6), (3, -6, 5), (3, -6, -5), (-3, 6, 5), (-3, 6, -5), (-3, 5, 6), (-3, -5, 6), (-3, -6, 5), (-3, -6, -5), (-5, 6, 3), (-5, 6, -3), (-5, -3, 6), (-5, -6, 3), (-5, -6, -3), (-6, 5, 3), (-6, 5, -3), (-6, 3, -5), (-6, -3, 5), (-6, -3, -5), (-6, -5, 3), (-6, -5, -3)]",1.1952286093343936
60,81.89401265124648,36.0,"[(8, 2, 2), (8, 2, -2), (8, -2, 2), (8, -2, -2), (6, 6, 0), (6, 0, 6), (6, 0, -6), (6, -6, 0), (2, 8, 2), (2, 8, -2), (2, 2, 8), (2, 2, -8), (2, -2, 8), (2, -2, -8), (2, -8, 2), (2, -8, -2), (0, 6, 6), (0, 6, -6), (0, -6, 6), (0, -6, -6), (-2, 8, 2), (-2, 8, -2), (-2, 2, 8), (-2, 2, -8), (-2, -2, 8), (-2, -2, -8), (-2, -8, 2), (-2, -8, -2), (-6, 6, 0), (-6, 0, 6), (-6, 0, -6), (-6, -6, 0), (-8, 2, 2), (-8, 2, -2), (-8, -2, 2), (-8, -2, -2)]",1.178511301977579
61,82.58390300230818,48.0,"[(8, 3, 0), (8, 0, 3), (8, 0, -3), (8, -3, 0), (6, 6, 1), (6, 6, -1), (6, 1, 6), (6, 1, -6), (6, -1, 6), (6, -1, -6), (6, -6, 1), (6, -6, -1), (3, 8, 0), (3, 0, 8), (3, 0, -8), (3, -8, 0), (1, 6, 6), (1, 6, -6), (1, -6, 6), (1, -6, -6), (0, 8, 3), (0, 8, -3), (0, 3, 8), (0, 3, -8), (0, -3, 8), (0, -3, -8), (0, -8, 3), (0, -8, -3), (-1, 6, 6), (-1, 6, -6), (-1, -6, 6), (-1, -6, -6), (-3, 8, 0), (-3, 0, 8), (-3, 0, -8), (-3, -8, 0), (-6, 6, 1), (-6, 6, -1), (-6, 1, 6), (-6, 1, -6), (-6, -1, 6), (-6, -1, -6), (-6, -6, 1), (-6, -6, -1), (-8, 3, 0), (-8, 0, 3), (-8, 0, -3), (-8, -3, 0)]",1.1704114719613055
62,83.27271373147933,120.0,"[(5, 0, 7), (0, 5, 7), (0, -5, -7), (-5, 0, -7), (8, 3, 1), (8, 3, -1), (8, 1, 3), (8, 1, -3), (8, -1, 3), (8, -1, -3), (8, -3, 1), (8, -3, -1), (7, 5, 0), (7, 4, 3), (7, 4, -3), (7, 3, 4), (7, 3, -4), (7, 0, 5), (7, 0, -5), (7, -3, 4), (7, -3, -4), (7, -4, 3), (7, -4, -3), (7, -5, 0), (5, 7, 0), (5, 0, -7), (5, -7, 0), (4, 7, 3), (4, 7, -3), (4, 3, 7), (4, 3, -7), (4, -3, 7), (4, -3, -7), (4, -7, 3), (4, -7, -3), (3, 8, 1), (3, 8, -1), (3, 7, 4), (3, 7, -4), (3, 4, 7), (3, 4, -7), (3, 1, 8), (3, 1, -8), (3, -1, 8), (3, -1, -8), (3, -4, 7), (3, -4, -7), (3, -7, 4), (3, -7, -4), (3, -8, 1), (3, -8, -1), (1, 8, 3), (1, 8, -3), (1, 3, 8), (1, 3, -8), (1, -3, 8), (1, -3, -8), (1, -8, 3), (1, -8, -3), (0, 7, 5), (0, 7, -5), (0, 5, -7), (0, -5, 7), (0, -7, 5), (0, -7, -5), (-1, 8, 3), (-1, 8, -3), (-1, 3, 8), (-1, 3, -8), (-1, -3, 8), (-1, -3, -8), (-1, -8, 3), (-1, -8, -3), (-3, 8, 1), (-3, 8, -1), (-3, 7, 4), (-3, 7, -4), (-3, 4, 7), (-3, 4, -7), (-3, 1, 8), (-3, 1, -8), (-3, -1, 8), (-3, -1, -8), (-3, -4, 7), (-3, -4, -7), (-3, -7, 4), (-3, -7, -4), (-3, -8, 1), (-3, -8, -1), (-4, 7, 3), (-4, 7, -3), (-4, 3, 7), (-4, 3, -7), (-4, -3, 7), (-4, -3, -7), (-4, -7, 3), (-4, -7, -3), (-5, 7, 0), (-5, 0, 7), (-5, -7, 0), (-7, 5, 0), (-7, 4, 3), (-7, 4, -3), (-7, 3, 4), (-7, 3, -4), (-7, 0, 5), (-7, 0, -5), (-7, -3, 4), (-7, -3, -4), (-7, -4, 3), (-7, -4, -3), (-7, -5, 0), (-8, 3, 1), (-8, 3, -1), (-8, 1, 3), (-8, 1, -3), (-8, -1, 3), (-8, -1, -3), (-8, -3, 1), (-8, -3, -1)]",1.162476387438193
63,83.96054900461765,56.0,"[(5, 5, 5), (5, 5, -5), (5, 1, 7), (5, -1, 7), (5, -5, 5), (5, -5, -5), (1, 5, 7), (1, -5, -7), (-1, 5, 7), (-1, -5, -7), (-5, 5, 5), (-5, 5, -5), (-5, 1, -7), (-5, -1, -7), (-5, -5, 5), (-5, -5, -5), (7, 5, 1), (7, 5, -1), (7, 1, 5), (7, 1, -5), (7, -1, 5), (7, -1, -5), (7, -5, 1), (7, -5, -1), (5, 7, 1), (5, 7, -1), (5, 1, -7), (5, -1, -7), (5, -7, 1), (5, -7, -1), (1, 7, 5), (1, 7, -5), (1, 5, -7), (1, -5, 7), (1, -7, 5), (1, -7, -5), (-1, 7, 5), (-1, 7, -5), (-1, 5, -7), (-1, -5, 7), (-1, -7, 5), (-1, -7, -5), (-5, 7, 1), (-5, 7, -1), (-5, 1, 7), (-5, -1, 7), (-5, -7, 1), (-5, -7, -1), (-7, 5, 1), (-7, 5, -1), (-7, 1, 5), (-7, 1, -5), (-7, -1, 5), (-7, -1, -5), (-7, -5, 1), (-7, -5, -1)]",1.1547005383792517
64,84.64751169055764,24.0,"[(6, 6, 2), (6, 6, -2), (6, 2, 6), (6, 2, -6), (6, -2, 6), (6, -2, -6), (6, -6, 2), (6, -6, -2), (2, 6, 6), (2, 6, -6), (2, -6, 6), (2, -6, -6), (-2, 6, 6), (-2, 6, -6), (-2, -6, 6), (-2, -6, -6), (-6, 6, 2), (-6, 6, -2), (-6, 2, 6), (-6, 2, -6), (-6, -2, 6), (-6, -2, -6), (-6, -6, 2), (-6, -6, -2)]",1.1470786693528086
65,85.33370350613656,96.0,"[(8, -2, -3), (8, -3, 2), (8, -3, -2), (6, 5, 4), (6, 5, -4), (6, 4, 5), (6, -4, 5), (6, -4, -5), (6, -5, 4), (6, -5, -4), (5, 6, 4), (5, 6, -4), (5, 4, 6), (5, -4, 6), (5, -4, -6), (5, -6, 4), (5, -6, -4), (4, 6, 5), (4, 6, -5), (4, 5, 6), (4, 5, -6), (4, -5, 6), (4, -5, -6), (4, -6, 5), (4, -6, -5), (3, 8, 2), (3, 8, -2), (3, 2, 8), (3, -2, 8), (3, -2, -8), (3, -8, 2), (3, -8, -2), (2, 8, 3), (2, 8, -3), (2, 3, 8), (2, 3, -8), (2, -3, 8), (2, -3, -8), (2, -8, 3), (2, -8, -3), (-2, 8, 3), (-2, 8, -3), (-2, 3, 8), (-2, 3, -8), (-2, -3, 8), (-2, -3, -8), (-2, -8, 3), (-2, -8, -3), (-3, 8, 2), (-3, 8, -2), (-3, 2, 8), (-3, 2, -8), (-3, -2, -8), (-3, -8, 2), (-3, -8, -2), (-4, 6, 5), (-4, 6, -5), (-4, 5, 6), (-4, 5, -6), (-4, -5, 6), (-4, -5, -6), (-4, -6, 5), (-4, -6, -5), (-5, 6, 4), (-5, 6, -4), (-5, 4, 6), (-5, 4, -6), (-5, -4, -6), (-5, -6, 4), (-5, -6, -4), (-6, 5, 4), (-6, 5, -4), (-6, 4, 5), (-6, 4, -5), (-6, -4, -5), (-6, -5, 4), (-6, -5, -4), (-8, 3, 2), (-8, 3, -2), (-8, 2, 3), (8, 3, 2), (8, 3, -2), (8, 2, 3), (8, 2, -3), (8, -2, 3), (6, 4, -5), (5, 4, -6), (3, 2, -8), (-3, -2, 8), (-5, -4, 6), (-6, -4, 5), (-8, 2, -3), (-8, -2, 3), (-8, -2, -3), (-8, -3, 2), (-8, -3, -2)]",1.1396057645963795
66,86.01922515693121,48.0,"[(7, -2, -5), (5, 2, 7), (5, -2, 7), (5, -2, -7), (2, 5, 7), (2, -5, 7), (2, -5, -7), (-2, 5, 7), (-2, 5, -7), (-2, -5, -7), (-5, 2, 7), (-5, 2, -7), (-5, -2, -7), (-7, 2, 5), (7, 5, 2), (7, 5, -2), (7, 2, 5), (7, 2, -5), (7, -2, 5), (7, -5, 2), (7, -5, -2), (5, 7, 2), (5, 7, -2), (5, 2, -7), (5, -7, 2), (5, -7, -2), (2, 7, 5), (2, 7, -5), (2, 5, -7), (2, -7, 5), (2, -7, -5), (-2, 7, 5), (-2, 7, -5), (-2, -5, 7), (-2, -7, 5), (-2, -7, -5), (-5, 7, 2), (-5, 7, -2), (-5, -2, 7), (-5, -7, 2), (-5, -7, -2), (-7, 5, 2), (-7, 5, -2), (-7, 2, -5), (-7, -2, 5), (-7, -2, -5), (-7, -5, 2), (-7, -5, -2)]",1.1322770341445958
67,87.38865654901385,24.0,"[(8, -4, 0), (4, 0, 8), (0, 4, 8), (0, -4, -8), (-4, 0, -8), (-8, 4, 0), (8, 4, 0), (8, 0, 4), (8, 0, -4), (4, 8, 0), (4, 0, -8), (4, -8, 0), (0, 8, 4), (0, 8, -4), (0, 4, -8), (0, -4, 8), (0, -8, 4), (0, -8, -4), (-4, 8, 0), (-4, 0, 8), (-4, -8, 0), (-8, 0, 4), (-8, 0, -4), (-8, -4, 0)]",1.118033988749895
68,88.07276386273155,102.0,"[(9, 0, 0), (8, -4, 1), (8, -4, -1), (7, -4, 4), (7, -4, -4), (4, 4, 7), (4, 1, 8), (4, -1, 8), (4, -4, -7), (1, 8, 4), (1, 4, 8), (1, -4, -8), (1, -8, 4), (0, 9, 0), (0, 0, 9), (0, 0, -9), (0, -9, 0), (-1, 8, -4), (-1, 4, 8), (-1, -4, -8), (-1, -8, -4), (-4, 4, 7), (-4, 1, -8), (-4, -1, -8), (-4, -4, -7), (-7, 4, 4), (-7, 4, -4), (-8, 4, 1), (-8, 4, -1), (-9, 0, 0), (8, 4, 1), (8, 4, -1), (8, 1, 4), (8, 1, -4), (8, -1, 4), (8, -1, -4), (7, 4, 4), (7, 4, -4), (6, 6, 3), (6, 6, -3), (6, 3, 6), (6, 3, -6), (6, -3, 6), (6, -3, -6), (6, -6, 3), (6, -6, -3), (4, 8, 1), (4, 8, -1), (4, 7, 4), (4, 7, -4), (4, 4, -7), (4, 1, -8), (4, -1, -8), (4, -4, 7), (4, -7, 4), (4, -7, -4), (4, -8, 1), (4, -8, -1), (3, 6, 6), (3, 6, -6), (3, -6, 6), (3, -6, -6), (1, 8, -4), (1, 4, -8), (1, -4, 8), (1, -8, -4), (-1, 8, 4), (-1, 4, -8), (-1, -4, 8), (-1, -8, 4), (-3, 6, 6), (-3, 6, -6), (-3, -6, 6), (-3, -6, -6), (-4, 8, 1), (-4, 8, -1), (-4, 7, 4), (-4, 7, -4), (-4, 4, -7), (-4, 1, 8), (-4, -1, 8), (-4, -4, 7), (-4, -7, 4), (-4, -7, -4), (-4, -8, 1), (-4, -8, -1), (-6, 6, 3), (-6, 6, -3), (-6, 3, 6), (-6, 3, -6), (-6, -3, 6), (-6, -3, -6), (-6, -6, 3), (-6, -6, -3), (-7, -4, 4), (-7, -4, -4), (-8, 1, 4), (-8, 1, -4), (-8, -1, 4), (-8, -1, -4), (-8, -4, 1), (-8, -4, -1)]",1.1111111111111112
69,88.75659641656367,48.0,"[(9, 1, 0), (9, 0, 1), (9, 0, -1), (9, -1, 0), (8, -3, 3), (8, -3, -3), (3, 8, 3), (3, 8, -3), (3, 3, 8), (3, 3, -8), (3, -3, 8), (3, -3, -8), (3, -8, 3), (3, -8, -3), (1, 9, 0), (1, 0, 9), (1, 0, -9), (1, -9, 0), (0, 9, 1), (0, 9, -1), (0, 1, 9), (0, 1, -9), (0, -1, 9), (0, -1, -9), (0, -9, 1), (0, -9, -1), (-1, 9, 0), (-1, 0, 9), (-1, 0, -9), (-1, -9, 0), (-3, 8, 3), (-3, 8, -3), (-3, 3, 8), (-3, 3, -8), (-3, -3, 8), (-3, -3, -8), (-3, -8, 3), (-3, -8, -3), (-8, 3, 3), (-8, 3, -3), (-9, 1, 0), (-9, 0, 1), (-9, 0, -1), (-9, -1, 0), (8, 3, 3), (8, 3, -3), (-8, -3, 3), (-8, -3, -3)]",1.1043152607484654
70,89.44025185844488,72.0,"[(9, 1, 1), (9, 1, -1), (9, -1, 1), (9, -1, -1), (7, -3, -5), (5, 3, 7), (5, -3, 7), (5, -3, -7), (3, 7, 5), (3, 5, 7), (3, -5, 7), (3, -5, -7), (3, -7, 5), (1, 9, 1), (1, 9, -1), (1, 1, 9), (1, 1, -9), (1, -1, 9), (1, -1, -9), (1, -9, 1), (1, -9, -1), (-1, 9, 1), (-1, 9, -1), (-1, 1, 9), (-1, 1, -9), (-1, -1, 9), (-1, -1, -9), (-1, -9, 1), (-1, -9, -1), (-3, 7, -5), (-3, 5, 7), (-3, 5, -7), (-3, -5, -7), (-3, -7, -5), (-5, 3, 7), (-5, 3, -7), (-5, -3, -7), (-7, 3, 5), (-9, 1, 1), (-9, 1, -1), (-9, -1, 1), (-9, -1, -1), (7, 5, 3), (7, 5, -3), (7, 3, 5), (7, 3, -5), (7, -3, 5), (7, -5, 3), (7, -5, -3), (5, 7, 3), (5, 7, -3), (5, 3, -7), (5, -7, 3), (5, -7, -3), (3, 7, -5), (3, 5, -7), (3, -7, -5), (-3, 7, 5), (-3, -5, 7), (-3, -7, 5), (-5, 7, 3), (-5, 7, -3), (-5, -3, 7), (-5, -7, 3), (-5, -7, -3), (-7, 5, 3), (-7, 5, -3), (-7, 3, -5), (-7, -3, 5), (-7, -3, -5), (-7, -5, 3), (-7, -5, -3)]",1.0976425998969035
71,90.12382760902827,48.0,"[(8, 4, 2), (8, 4, -2), (8, 2, 4), (8, 2, -4), (8, -2, 4), (8, -2, -4), (8, -4, 2), (8, -4, -2), (4, 8, 2), (4, 8, -2), (4, 2, 8), (4, 2, -8), (4, -2, 8), (4, -2, -8), (4, -8, 2), (4, -8, -2), (2, 8, 4), (2, 8, -4), (2, 4, 8), (2, 4, -8), (2, -4, 8), (2, -4, -8), (2, -8, 4), (2, -8, -4), (-2, 8, 4), (-2, 8, -4), (-2, 4, 8), (-2, 4, -8), (-2, -4, 8), (-2, -4, -8), (-2, -8, 4), (-2, -8, -4), (-4, 8, 2), (-4, 8, -2), (-4, 2, 8), (-4, 2, -8), (-4, -2, 8), (-4, -2, -8), (-4, -8, 2), (-4, -8, -2), (-8, 4, 2), (-8, 4, -2), (-8, 2, 4), (-8, 2, -4), (-8, -2, 4), (-8, -2, -4), (-8, -4, 2), (-8, -4, -2)]",1.0910894511799618
72,90.80742098680436,48.0,"[(9, 2, 0), (9, 0, 2), (9, 0, -2), (9, -2, 0), (2, 9, 0), (2, 0, 9), (2, 0, -9), (2, -9, 0), (0, 9, 2), (0, 9, -2), (0, 2, 9), (0, 2, -9), (0, -2, 9), (0, -2, -9), (0, -9, 2), (0, -9, -2), (-2, 9, 0), (-2, 0, 9), (-2, 0, -9), (-2, -9, 0), (-9, 2, 0), (-9, 0, 2), (-9, 0, -2), (-9, -2, 0), (7, 6, 0), (7, 0, 6), (7, 0, -6), (7, -6, 0), (6, 7, 0), (6, 0, 7), (6, 0, -7), (6, -7, 0), (0, 7, 6), (0, 7, -6), (0, 6, 7), (0, 6, -7), (0, -6, 7), (0, -6, -7), (0, -7, 6), (0, -7, -6), (-6, 7, 0), (-6, 0, 7), (-6, 0, -7), (-6, -7, 0), (-7, 6, 0), (-7, 0, 6), (-7, 0, -6), (-7, -6, 0)]",1.0846522890932808
73,91.49112933285588,120.0,"[(6, -5, -5), (5, 5, 6), (5, -5, -6), (2, 1, 9), (2, -1, 9), (1, 2, 9), (1, -2, -9), (-1, 2, 9), (-1, -2, -9), (-2, 1, -9), (-2, -1, -9), (-5, 5, 6), (-5, -5, -6), (-6, 5, 5), (9, 2, 1), (9, 2, -1), (9, 1, 2), (9, 1, -2), (9, -1, 2), (9, -1, -2), (9, -2, 1), (9, -2, -1), (7, 6, 1), (7, 6, -1), (7, 1, 6), (7, 1, -6), (7, -1, 6), (7, -1, -6), (7, -6, 1), (7, -6, -1), (6, 7, 1), (6, 7, -1), (6, 5, 5), (6, 5, -5), (6, 1, 7), (6, 1, -7), (6, -1, 7), (6, -1, -7), (6, -5, 5), (6, -7, 1), (6, -7, -1), (5, 6, 5), (5, 6, -5), (5, 5, -6), (5, -5, 6), (5, -6, 5), (5, -6, -5), (2, 9, 1), (2, 9, -1), (2, 1, -9), (2, -1, -9), (2, -9, 1), (2, -9, -1), (1, 9, 2), (1, 9, -2), (1, 7, 6), (1, 7, -6), (1, 6, 7), (1, 6, -7), (1, 2, -9), (1, -2, 9), (1, -6, 7), (1, -6, -7), (1, -7, 6), (1, -7, -6), (1, -9, 2), (1, -9, -2), (-1, 9, 2), (-1, 9, -2), (-1, 7, 6), (-1, 7, -6), (-1, 6, 7), (-1, 6, -7), (-1, 2, -9), (-1, -2, 9), (-1, -6, 7), (-1, -6, -7), (-1, -7, 6), (-1, -7, -6), (-1, -9, 2), (-1, -9, -2), (-2, 9, 1), (-2, 9, -1), (-2, 1, 9), (-2, -1, 9), (-2, -9, 1), (-2, -9, -1), (-5, 6, 5), (-5, 6, -5), (-5, 5, -6), (-5, -5, 6), (-5, -6, 5), (-5, -6, -5), (-6, 7, 1), (-6, 7, -1), (-6, 5, -5), (-6, 1, 7), (-6, 1, -7), (-6, -1, 7), (-6, -1, -7), (-6, -5, 5), (-6, -5, -5), (-6, -7, 1), (-6, -7, -1), (-7, 6, 1), (-7, 6, -1), (-7, 1, 6), (-7, 1, -6), (-7, -1, 6), (-7, -1, -6), (-7, -6, 1), (-7, -6, -1), (-9, 2, 1), (-9, 2, -1), (-9, 1, 2), (-9, 1, -2), (-9, -1, 2), (-9, -1, -2), (-9, -2, 1), (-9, -2, -1)]",1.0783277320343843
74,92.85928115661484,24.0,"[(6, -4, -6), (-6, 4, 6), (6, 6, 4), (6, 6, -4), (6, 4, 6), (6, 4, -6), (6, -4, 6), (6, -6, 4), (6, -6, -4), (4, 6, 6), (4, 6, -6), (4, -6, 6), (4, -6, -6), (-4, 6, 6), (-4, 6, -6), (-4, -6, 6), (-4, -6, -6), (-6, 6, 4), (-6, 6, -4), (-6, 4, -6), (-6, -4, 6), (-6, -4, -6), (-6, -6, 4), (-6, -6, -4)]",1.0660035817780522
75,93.54392055604349,144.0,"[(5, 0, 8), (4, 3, 8), (3, 4, 8), (2, 2, 9), (2, -2, 9), (2, -2, -9), (0, 5, 8), (0, -5, -8), (-2, 2, 9), (-2, 2, -9), (-2, -2, -9), (-3, -4, -8), (-4, -3, -8), (-5, 0, -8), (9, 2, 2), (9, 2, -2), (9, -2, 2), (9, -2, -2), (8, 5, 0), (8, 4, 3), (8, 4, -3), (8, 3, 4), (8, 3, -4), (8, 0, 5), (8, 0, -5), (8, -3, 4), (8, -3, -4), (8, -4, 3), (8, -4, -3), (8, -5, 0), (7, 6, 2), (7, 6, -2), (7, 2, 6), (7, 2, -6), (7, -2, 6), (7, -2, -6), (7, -6, 2), (7, -6, -2), (6, 7, 2), (6, 7, -2), (6, 2, 7), (6, 2, -7), (6, -2, 7), (6, -2, -7), (6, -7, 2), (6, -7, -2), (5, 8, 0), (5, 0, -8), (5, -8, 0), (4, 8, 3), (4, 8, -3), (4, 3, -8), (4, -3, 8), (4, -3, -8), (4, -8, 3), (4, -8, -3), (3, 8, 4), (3, 8, -4), (3, 4, -8), (3, -4, 8), (3, -4, -8), (3, -8, 4), (3, -8, -4), (2, 9, 2), (2, 9, -2), (2, 7, 6), (2, 7, -6), (2, 6, 7), (2, 6, -7), (2, 2, -9), (2, -6, 7), (2, -6, -7), (2, -7, 6), (2, -7, -6), (2, -9, 2), (2, -9, -2), (0, 8, 5), (0, 8, -5), (0, 5, -8), (0, -5, 8), (0, -8, 5), (0, -8, -5), (-2, 9, 2), (-2, 9, -2), (-2, 7, 6), (-2, 7, -6), (-2, 6, 7), (-2, 6, -7), (-2, -2, 9), (-2, -6, 7), (-2, -6, -7), (-2, -7, 6), (-2, -7, -6), (-2, -9, 2), (-2, -9, -2), (-3, 8, 4), (-3, 8, -4), (-3, 4, 8), (-3, 4, -8), (-3, -4, 8), (-3, -8, 4), (-3, -8, -4), (-4, 8, 3), (-4, 8, -3), (-4, 3, 8), (-4, 3, -8), (-4, -3, 8), (-4, -8, 3), (-4, -8, -3), (-5, 8, 0), (-5, 0, 8), (-5, -8, 0), (-6, 7, 2), (-6, 7, -2), (-6, 2, 7), (-6, 2, -7), (-6, -2, 7), (-6, -2, -7), (-6, -7, 2), (-6, -7, -2), (-7, 6, 2), (-7, 6, -2), (-7, 2, 6), (-7, 2, -6), (-7, -2, 6), (-7, -2, -6), (-7, -6, 2), (-7, -6, -2), (-8, 5, 0), (-8, 4, 3), (-8, 4, -3), (-8, 3, 4), (-8, 3, -4), (-8, 0, 5), (-8, 0, -5), (-8, -3, 4), (-8, -3, -4), (-8, -4, 3), (-8, -4, -3), (-8, -5, 0), (-9, 2, 2), (-9, 2, -2), (-9, -2, 2), (-9, -2, -2)]",1.05999788000636
76,94.22906702129092,120.0,"[(9, -3, 0), (7, -4, -5), (5, 4, 7), (5, 1, 8), (5, -1, 8), (5, -4, 7), (5, -4, -7), (4, 7, 5), (4, 5, 7), (4, -5, 7), (4, -7, 5), (3, 9, 0), (3, 0, 9), (3, -9, 0), (1, 8, 5), (1, 5, 8), (1, -5, -8), (1, -8, 5), (0, 3, 9), (0, -3, -9), (-1, 8, -5), (-1, 5, 8), (-1, -5, -8), (-1, -8, -5), (-3, 9, 0), (-3, 0, -9), (-3, -9, 0), (-4, 7, -5), (-4, 5, -7), (-4, -5, -7), (-4, -7, -5), (-5, 4, 7), (-5, 4, -7), (-5, 1, -8), (-5, -1, -8), (-5, -4, -7), (-7, 4, 5), (-9, 3, 0), (9, 3, 0), (9, 0, 3), (9, 0, -3), (8, 5, 1), (8, 5, -1), (8, 1, 5), (8, 1, -5), (8, -1, 5), (8, -1, -5), (8, -5, 1), (8, -5, -1), (7, 5, 4), (7, 5, -4), (7, 4, 5), (7, 4, -5), (7, -4, 5), (7, -5, 4), (7, -5, -4), (5, 8, 1), (5, 8, -1), (5, 7, 4), (5, 7, -4), (5, 4, -7), (5, 1, -8), (5, -1, -8), (5, -7, 4), (5, -7, -4), (5, -8, 1), (5, -8, -1), (4, 7, -5), (4, 5, -7), (4, -5, -7), (4, -7, -5), (3, 0, -9), (1, 8, -5), (1, 5, -8), (1, -5, 8), (1, -8, -5), (0, 9, 3), (0, 9, -3), (0, 3, -9), (0, -3, 9), (0, -9, 3), (0, -9, -3), (-1, 8, 5), (-1, 5, -8), (-1, -5, 8), (-1, -8, 5), (-3, 0, 9), (-4, 7, 5), (-4, 5, 7), (-4, -5, 7), (-4, -7, 5), (-5, 8, 1), (-5, 8, -1), (-5, 7, 4), (-5, 7, -4), (-5, 1, 8), (-5, -1, 8), (-5, -4, 7), (-5, -7, 4), (-5, -7, -4), (-5, -8, 1), (-5, -8, -1), (-7, 5, 4), (-7, 5, -4), (-7, 4, -5), (-7, -4, 5), (-7, -4, -5), (-7, -5, 4), (-7, -5, -4), (-8, 5, 1), (-8, 5, -1), (-8, 1, 5), (-8, 1, -5), (-8, -1, 5), (-8, -1, -5), (-8, -5, 1), (-8, -5, -1), (-9, 0, 3), (-9, 0, -3), (-9, -3, 0)]",1.0540925533894598
77,94.91481989621963,48.0,"[(9, -3, 1), (9, -3, -1), (3, 9, 1), (3, 9, -1), (3, 1, 9), (3, -1, 9), (3, -9, 1), (3, -9, -1), (1, 3, 9), (1, -3, -9), (-1, 3, 9), (-1, -3, -9), (-3, 9, 1), (-3, 9, -1), (-3, 1, -9), (-3, -1, -9), (-3, -9, 1), (-3, -9, -1), (-9, 3, 1), (-9, 3, -1), (9, 3, 1), (9, 3, -1), (9, 1, 3), (9, 1, -3), (9, -1, 3), (9, -1, -3), (3, 1, -9), (3, -1, -9), (1, 9, 3), (1, 9, -3), (1, 3, -9), (1, -3, 9), (1, -9, 3), (1, -9, -3), (-1, 9, 3), (-1, 9, -3), (-1, 3, -9), (-1, -3, 9), (-1, -9, 3), (-1, -9, -3), (-3, 1, 9), (-3, -1, 9), (-9, 1, 3), (-9, 1, -3), (-9, -1, 3), (-9, -1, -3), (-9, -3, 1), (-9, -3, -1)]",1.0482848367219182
78,96.28854632841285,48.0,"[(8, 5, 2), (8, 5, -2), (8, 2, 5), (8, 2, -5), (8, -2, 5), (8, -2, -5), (8, -5, 2), (8, -5, -2), (5, 8, 2), (5, 8, -2), (5, 2, 8), (5, 2, -8), (5, -2, 8), (5, -2, -8), (5, -8, 2), (5, -8, -2), (2, 8, 5), (2, 8, -5), (2, 5, 8), (2, 5, -8), (2, -5, 8), (2, -5, -8), (2, -8, 5), (2, -8, -5), (-2, 8, 5), (-2, 8, -5), (-2, 5, 8), (-2, 5, -8), (-2, -5, 8), (-2, -5, -8), (-2, -8, 5), (-2, -8, -5), (-5, 8, 2), (-5, 8, -2), (-5, 2, 8), (-5, 2, -8), (-5, -2, 8), (-5, -2, -8), (-5, -8, 2), (-5, -8, -2), (-8, 5, 2), (-8, 5, -2), (-8, 2, 5), (-8, 2, -5), (-8, -2, 5), (-8, -2, -5), (-8, -5, 2), (-8, -5, -2)]",1.0369516947304251
79,96.97672305935455,96.0,"[(9, 3, 2), (9, 3, -2), (9, 2, 3), (9, 2, -3), (9, -2, 3), (9, -2, -3), (9, -3, 2), (9, -3, -2), (7, -3, -6), (6, 3, 7), (6, -3, 7), (6, -3, -7), (3, 9, 2), (3, 9, -2), (3, 7, 6), (3, 6, 7), (3, 2, 9), (3, 2, -9), (3, -2, 9), (3, -2, -9), (3, -6, 7), (3, -7, 6), (3, -9, 2), (3, -9, -2), (2, 9, 3), (2, 9, -3), (2, 3, 9), (2, 3, -9), (2, -3, 9), (2, -3, -9), (2, -9, 3), (2, -9, -3), (-2, 9, 3), (-2, 9, -3), (-2, 3, 9), (-2, 3, -9), (-2, -3, 9), (-2, -3, -9), (-2, -9, 3), (-2, -9, -3), (-3, 9, 2), (-3, 9, -2), (-3, 7, -6), (-3, 6, -7), (-3, 2, 9), (-3, 2, -9), (-3, -2, 9), (-3, -2, -9), (-3, -6, -7), (-3, -7, -6), (-3, -9, 2), (-3, -9, -2), (-6, 3, 7), (-6, 3, -7), (-6, -3, -7), (-7, 3, 6), (-9, 3, 2), (-9, 3, -2), (-9, 2, 3), (-9, 2, -3), (-9, -2, 3), (-9, -2, -3), (-9, -3, 2), (-9, -3, -2), (7, 6, 3), (7, 6, -3), (7, 3, 6), (7, 3, -6), (7, -3, 6), (7, -6, 3), (7, -6, -3), (6, 7, 3), (6, 7, -3), (6, 3, -7), (6, -7, 3), (6, -7, -3), (3, 7, -6), (3, 6, -7), (3, -6, -7), (3, -7, -6), (-3, 7, 6), (-3, 6, 7), (-3, -6, 7), (-3, -7, 6), (-6, 7, 3), (-6, 7, -3), (-6, -3, 7), (-6, -7, 3), (-6, -7, -3), (-7, 6, 3), (-7, 6, -3), (-7, 3, -6), (-7, -3, 6), (-7, -3, -6), (-7, -6, 3), (-7, -6, -3)]",1.0314212462587933
80,98.35622030638953,24.0,"[(8, 4, 4), (8, 4, -4), (8, -4, 4), (8, -4, -4), (4, 8, 4), (4, 8, -4), (4, 4, 8), (4, 4, -8), (4, -4, 8), (4, -4, -8), (4, -8, 4), (4, -8, -4), (-4, 8, 4), (-4, 8, -4), (-4, 4, 8), (-4, 4, -8), (-4, -4, 8), (-4, -4, -8), (-4, -8, 4), (-4, -8, -4), (-8, 4, 4), (-8, 4, -4), (-8, -4, 4), (-8, -4, -4)]",1.0206207261596574
81,99.04775167001876,48.0,"[(9, 4, 0), (9, 0, 4), (9, 0, -4), (9, -4, 0), (6, -5, -6), (4, 9, 0), (4, 0, 9), (4, 0, -9), (4, -9, 0), (0, 9, 4), (0, 9, -4), (0, 4, 9), (0, 4, -9), (0, -4, 9), (0, -4, -9), (0, -9, 4), (0, -9, -4), (-4, 9, 0), (-4, 0, 9), (-4, 0, -9), (-4, -9, 0), (-6, 5, 6), (-9, 4, 0), (-9, 0, 4), (-9, 0, -4), (-9, -4, 0), (6, 6, 5), (6, 6, -5), (6, 5, 6), (6, 5, -6), (6, -5, 6), (6, -6, 5), (6, -6, -5), (5, 6, 6), (5, 6, -6), (5, -6, 6), (5, -6, -6), (-5, 6, 6), (-5, 6, -6), (-5, -6, 6), (-5, -6, -6), (-6, 6, 5), (-6, 6, -5), (-6, 5, -6), (-6, -5, 6), (-6, -5, -6), (-6, -6, 5), (-6, -6, -5)]",1.015346165133619
82,99.7406147539274,108.0,"[(9, 4, 1), (9, 4, -1), (9, 1, 4), (9, 1, -4), (9, -1, 4), (9, -1, -4), (9, -4, 1), (9, -4, -1), (8, -3, -5), (5, 3, 8), (5, -3, 8), (5, -3, -8), (4, 9, 1), (4, 9, -1), (4, 1, 9), (4, 1, -9), (4, -1, 9), (4, -1, -9), (4, -9, 1), (4, -9, -1), (3, 8, 5), (3, 8, -5), (3, 5, 8), (3, -5, 8), (3, -5, -8), (3, -8, 5), (3, -8, -5), (1, 9, 4), (1, 9, -4), (1, 4, 9), (1, 4, -9), (1, -4, 9), (1, -4, -9), (1, -9, 4), (1, -9, -4), (-1, 9, 4), (-1, 9, -4), (-1, 4, 9), (-1, 4, -9), (-1, -4, 9), (-1, -4, -9), (-1, -9, 4), (-1, -9, -4), (-3, 8, 5), (-3, 8, -5), (-3, 5, 8), (-3, 5, -8), (-3, -5, -8), (-3, -8, 5), (-3, -8, -5), (-4, 9, 1), (-4, 9, -1), (-4, 1, 9), (-4, 1, -9), (-4, -1, 9), (-4, -1, -9), (-4, -9, 1), (-4, -9, -1), (-5, 3, 8), (-5, 3, -8), (-5, -3, -8), (-8, 3, 5), (-9, 4, 1), (-9, 4, -1), (-9, 1, 4), (-9, 1, -4), (-9, -1, 4), (-9, -1, -4), (-9, -4, 1), (-9, -4, -1), (8, 5, 3), (8, 5, -3), (8, 3, 5), (8, 3, -5), (8, -3, 5), (8, -5, 3), (8, -5, -3), (7, 7, 0), (7, 0, 7), (7, 0, -7), (7, -7, 0), (5, 8, 3), (5, 8, -3), (5, 3, -8), (5, -8, 3), (5, -8, -3), (3, 5, -8), (0, 7, 7), (0, 7, -7), (0, -7, 7), (0, -7, -7), (-3, -5, 8), (-5, 8, 3), (-5, 8, -3), (-5, -3, 8), (-5, -8, 3), (-5, -8, -3), (-7, 7, 0), (-7, 0, 7), (-7, 0, -7), (-7, -7, 0), (-8, 5, 3), (-8, 5, -3), (-8, 3, -5), (-8, -3, 5), (-8, -3, -5), (-8, -5, 3), (-8, -5, -3)]",1.0101525445522106
83,100.43491921744533,72.0,"[(9, -3, 3), (9, -3, -3), (7, 5, 5), (7, 5, -5), (7, -5, 5), (7, -5, -5), (5, 7, 5), (5, 7, -5), (5, 5, 7), (5, 5, -7), (5, -5, 7), (5, -5, -7), (5, -7, 5), (5, -7, -5), (3, 9, 3), (3, 9, -3), (3, 3, 9), (3, -3, 9), (3, -3, -9), (3, -9, 3), (3, -9, -3), (-3, 9, 3), (-3, 9, -3), (-3, 3, 9), (-3, 3, -9), (-3, -3, -9), (-3, -9, 3), (-3, -9, -3), (-5, 7, 5), (-5, 7, -5), (-5, 5, 7), (-5, 5, -7), (-5, -5, 7), (-5, -5, -7), (-5, -7, 5), (-5, -7, -5), (-7, 5, 5), (-7, 5, -5), (-7, -5, 5), (-7, -5, -5), (-9, 3, 3), (-9, 3, -3), (9, 3, 3), (9, 3, -3), (7, 7, 1), (7, 7, -1), (7, 1, 7), (7, 1, -7), (7, -1, 7), (7, -1, -7), (7, -7, 1), (7, -7, -1), (3, 3, -9), (1, 7, 7), (1, 7, -7), (1, -7, 7), (1, -7, -7), (-1, 7, 7), (-1, 7, -7), (-1, -7, 7), (-1, -7, -7), (-3, -3, 9), (-7, 7, 1), (-7, 7, -1), (-7, 1, 7), (-7, 1, -7), (-7, -1, 7), (-7, -1, -7), (-7, -7, 1), (-7, -7, -1), (-9, -3, 3), (-9, -3, -3)]",1.005037815259212
84,101.13077671521653,30.0,"[(10, 0, 0), (8, 6, 0), (8, 0, 6), (8, 0, -6), (8, -6, 0), (6, 8, 0), (6, 0, 8), (6, 0, -8), (6, -8, 0), (0, 10, 0), (0, 8, 6), (0, 8, -6), (0, 6, 8), (0, 6, -8), (0, 0, 10), (0, 0, -10), (0, -6, 8), (0, -6, -8), (0, -8, 6), (0, -8, -6), (0, -10, 0), (-6, 8, 0), (-6, 0, 8), (-6, 0, -8), (-6, -8, 0), (-8, 6, 0), (-8, 0, 6), (-8, 0, -6), (-8, -6, 0), (-10, 0, 0)]",1.0
85,101.82830107633318,168.0,"[(10, 1, 0), (10, 0, 1), (10, 0, -1), (10, -1, 0), (9, 4, 2), (9, 4, -2), (9, 2, 4), (9, 2, -4), (9, -2, 4), (9, -2, -4), (9, -4, 2), (9, -4, -2), (6, -4, -7), (4, 9, 2), (4, 9, -2), (4, 2, 9), (4, -2, 9), (4, -2, -9), (4, -9, 2), (4, -9, -2), (2, 9, 4), (2, 9, -4), (2, 4, 9), (2, -4, 9), (2, -4, -9), (2, -9, 4), (2, -9, -4), (1, 10, 0), (1, 0, 10), (1, 0, -10), (1, -10, 0), (0, 10, 1), (0, 10, -1), (0, 1, 10), (0, 1, -10), (0, -1, 10), (0, -1, -10), (0, -10, 1), (0, -10, -1), (-1, 10, 0), (-1, 0, 10), (-1, 0, -10), (-1, -10, 0), (-2, 9, 4), (-2, 9, -4), (-2, 4, 9), (-2, 4, -9), (-2, -4, -9), (-2, -9, 4), (-2, -9, -4), (-4, 9, 2), (-4, 9, -2), (-4, 2, 9), (-4, 2, -9), (-4, -2, -9), (-4, -9, 2), (-4, -9, -2), (-6, 4, 7), (-9, 4, 2), (-9, 4, -2), (-9, 2, 4), (-9, 2, -4), (-9, -2, 4), (-9, -2, -4), (-9, -4, 2), (-9, -4, -2), (-10, 1, 0), (-10, 0, 1), (-10, 0, -1), (-10, -1, 0), (8, 6, 1), (8, 6, -1), (8, 1, 6), (8, 1, -6), (8, -1, 6), (8, -1, -6), (8, -6, 1), (8, -6, -1), (7, 6, 4), (7, 6, -4), (7, 4, 6), (7, 4, -6), (7, -4, 6), (7, -4, -6), (7, -6, 4), (7, -6, -4), (6, 8, 1), (6, 8, -1), (6, 7, 4), (6, 7, -4), (6, 4, 7), (6, 4, -7), (6, 1, 8), (6, 1, -8), (6, -1, 8), (6, -1, -8), (6, -4, 7), (6, -7, 4), (6, -7, -4), (6, -8, 1), (6, -8, -1), (4, 7, 6), (4, 7, -6), (4, 6, 7), (4, 6, -7), (4, 2, -9), (4, -6, 7), (4, -6, -7), (4, -7, 6), (4, -7, -6), (2, 4, -9), (1, 8, 6), (1, 8, -6), (1, 6, 8), (1, 6, -8), (1, -6, 8), (1, -6, -8), (1, -8, 6), (1, -8, -6), (-1, 8, 6), (-1, 8, -6), (-1, 6, 8), (-1, 6, -8), (-1, -6, 8), (-1, -6, -8), (-1, -8, 6), (-1, -8, -6), (-2, -4, 9), (-4, 7, 6), (-4, 7, -6), (-4, 6, 7), (-4, 6, -7), (-4, -2, 9), (-4, -6, 7), (-4, -6, -7), (-4, -7, 6), (-4, -7, -6), (-6, 8, 1), (-6, 8, -1), (-6, 7, 4), (-6, 7, -4), (-6, 4, -7), (-6, 1, 8), (-6, 1, -8), (-6, -1, 8), (-6, -1, -8), (-6, -4, 7), (-6, -4, -7), (-6, -7, 4), (-6, -7, -4), (-6, -8, 1), (-6, -8, -1), (-7, 6, 4), (-7, 6, -4), (-7, 4, 6), (-7, 4, -6), (-7, -4, 6), (-7, -4, -6), (-7, -6, 4), (-7, -6, -4), (-8, 6, 1), (-8, 6, -1), (-8, 1, 6), (-8, 1, -6), (-8, -1, 6), (-8, -1, -6), (-8, -6, 1), (-8, -6, -1)]",0.9950371902099893
86,102.52760849228858,48.0,"[(10, 1, 1), (10, 1, -1), (10, -1, 1), (10, -1, -1), (7, 7, 2), (7, 7, -2), (7, 2, 7), (7, 2, -7), (7, -2, 7), (7, -2, -7), (7, -7, 2), (7, -7, -2), (2, 7, 7), (2, 7, -7), (2, -7, 7), (2, -7, -7), (1, 10, 1), (1, 10, -1), (1, 1, 10), (1, 1, -10), (1, -1, 10), (1, -1, -10), (1, -10, 1), (1, -10, -1), (-1, 10, 1), (-1, 10, -1), (-1, 1, 10), (-1, 1, -10), (-1, -1, 10), (-1, -1, -10), (-1, -10, 1), (-1, -10, -1), (-2, 7, 7), (-2, 7, -7), (-2, -7, 7), (-2, -7, -7), (-7, 7, 2), (-7, 7, -2), (-7, 2, 7), (-7, 2, -7), (-7, -2, 7), (-7, -2, -7), (-7, -7, 2), (-7, -7, -2), (-10, 1, 1), (-10, 1, -1), (-10, -1, 1), (-10, -1, -1)]",0.9901475429766743
87,103.9320502636757,72.0,"[(10, 2, 0), (10, 0, 2), (10, 0, -2), (10, -2, 0), (8, 6, 2), (8, 6, -2), (8, 2, 6), (8, 2, -6), (8, -2, 6), (8, -2, -6), (8, -6, 2), (8, -6, -2), (6, 8, 2), (6, 8, -2), (6, 2, 8), (6, 2, -8), (6, -2, 8), (6, -2, -8), (6, -8, 2), (6, -8, -2), (2, 10, 0), (2, 8, 6), (2, 8, -6), (2, 6, 8), (2, 6, -8), (2, 0, 10), (2, 0, -10), (2, -6, 8), (2, -6, -8), (2, -8, 6), (2, -8, -6), (2, -10, 0), (0, 10, 2), (0, 10, -2), (0, 2, 10), (0, 2, -10), (0, -2, 10), (0, -2, -10), (0, -10, 2), (0, -10, -2), (-2, 10, 0), (-2, 8, 6), (-2, 8, -6), (-2, 6, 8), (-2, 6, -8), (-2, 0, 10), (-2, 0, -10), (-2, -6, 8), (-2, -6, -8), (-2, -8, 6), (-2, -8, -6), (-2, -10, 0), (-6, 8, 2), (-6, 8, -2), (-6, 2, 8), (-6, 2, -8), (-6, -2, 8), (-6, -2, -8), (-6, -8, 2), (-6, -8, -2), (-8, 6, 2), (-8, 6, -2), (-8, 2, 6), (-8, 2, -6), (-8, -2, 6), (-8, -2, -6), (-8, -6, 2), (-8, -6, -2), (-10, 2, 0), (-10, 0, 2), (-10, 0, -2), (-10, -2, 0)]",0.9805806756909201
88,104.63743064834652,96.0,"[(10, 2, 1), (10, 2, -1), (10, 1, 2), (10, 1, -2), (10, -1, 2), (10, -1, -2), (10, -2, 1), (10, -2, -1), (8, 5, 4), (8, 5, -4), (8, 4, 5), (8, 4, -5), (8, -4, 5), (8, -4, -5), (8, -5, 4), (8, -5, -4), (5, 8, 4), (5, 8, -4), (5, 4, 8), (5, 4, -8), (5, -4, 8), (5, -4, -8), (5, -8, 4), (5, -8, -4), (4, 8, 5), (4, 8, -5), (4, 5, 8), (4, 5, -8), (4, -5, 8), (4, -5, -8), (4, -8, 5), (4, -8, -5), (2, 10, 1), (2, 10, -1), (2, 1, 10), (2, 1, -10), (2, -1, 10), (2, -1, -10), (2, -10, 1), (2, -10, -1), (1, 10, 2), (1, 10, -2), (1, 2, 10), (1, 2, -10), (1, -2, 10), (1, -2, -10), (1, -10, 2), (1, -10, -2), (-1, 10, 2), (-1, 10, -2), (-1, 2, 10), (-1, 2, -10), (-1, -2, 10), (-1, -2, -10), (-1, -10, 2), (-1, -10, -2), (-2, 10, 1), (-2, 10, -1), (-2, 1, 10), (-2, 1, -10), (-2, -1, 10), (-2, -1, -10), (-2, -10, 1), (-2, -10, -1), (-4, 8, 5), (-4, 8, -5), (-4, 5, 8), (-4, 5, -8), (-4, -5, 8), (-4, -5, -8), (-4, -8, 5), (-4, -8, -5), (-5, 8, 4), (-5, 8, -4), (-5, 4, 8), (-5, 4, -8), (-5, -4, 8), (-5, -4, -8), (-5, -8, 4), (-5, -8, -4), (-8, 5, 4), (-8, 5, -4), (-8, 4, 5), (-8, 4, -5), (-8, -4, 5), (-8, -4, -5), (-8, -5, 4), (-8, -5, -4), (-10, 2, 1), (-10, 2, -1), (-10, 1, 2), (-10, 1, -2), (-10, -1, 2), (-10, -1, -2), (-10, -2, 1), (-10, -2, -1)]",0.9759000729485331
89,105.34508660008161,72.0,"[(9, 5, 0), (9, 4, 3), (9, 4, -3), (9, 3, 4), (9, 3, -4), (9, 0, 5), (9, 0, -5), (9, -3, 4), (9, -3, -4), (9, -4, 3), (9, -4, -3), (9, -5, 0), (5, 9, 0), (5, 0, 9), (5, 0, -9), (5, -9, 0), (4, 9, 3), (4, 9, -3), (4, 3, 9), (4, 3, -9), (4, -3, 9), (4, -3, -9), (4, -9, 3), (4, -9, -3), (3, 9, 4), (3, 9, -4), (3, 4, 9), (3, 4, -9), (3, -4, 9), (3, -4, -9), (3, -9, 4), (3, -9, -4), (0, 9, 5), (0, 9, -5), (0, 5, 9), (0, 5, -9), (0, -5, 9), (0, -5, -9), (0, -9, 5), (0, -9, -5), (-3, 9, 4), (-3, 9, -4), (-3, 4, 9), (-3, 4, -9), (-3, -4, 9), (-3, -4, -9), (-3, -9, 4), (-3, -9, -4), (-4, 9, 3), (-4, 9, -3), (-4, 3, 9), (-4, 3, -9), (-4, -3, 9), (-4, -3, -9), (-4, -9, 3), (-4, -9, -3), (-5, 9, 0), (-5, 0, 9), (-5, 0, -9), (-5, -9, 0), (-9, 5, 0), (-9, 4, 3), (-9, 4, -3), (-9, 3, 4), (-9, 3, -4), (-9, 0, 5), (-9, 0, -5), (-9, -3, 4), (-9, -3, -4), (-9, -4, 3), (-9, -4, -3), (-9, -5, 0)]",0.9712858623572642
90,106.05514932040894,72.0,"[(9, 5, 1), (9, 5, -1), (9, 1, 5), (9, 1, -5), (9, -1, 5), (9, -1, -5), (9, -5, 1), (9, -5, -1), (7, -3, -7), (5, 9, 1), (5, 9, -1), (5, 1, 9), (5, 1, -9), (5, -1, 9), (5, -1, -9), (5, -9, 1), (5, -9, -1), (3, 7, 7), (3, -7, 7), (1, 9, 5), (1, 9, -5), (1, 5, 9), (1, 5, -9), (1, -5, 9), (1, -5, -9), (1, -9, 5), (1, -9, -5), (-1, 9, 5), (-1, 9, -5), (-1, 5, 9), (-1, 5, -9), (-1, -5, 9), (-1, -5, -9), (-1, -9, 5), (-1, -9, -5), (-3, 7, -7), (-3, -7, -7), (-5, 9, 1), (-5, 9, -1), (-5, 1, 9), (-5, 1, -9), (-5, -1, 9), (-5, -1, -9), (-5, -9, 1), (-5, -9, -1), (-7, 3, 7), (-9, 5, 1), (-9, 5, -1), (-9, 1, 5), (-9, 1, -5), (-9, -1, 5), (-9, -1, -5), (-9, -5, 1), (-9, -5, -1), (7, 7, 3), (7, 7, -3), (7, 3, 7), (7, 3, -7), (7, -3, 7), (7, -7, 3), (7, -7, -3), (3, 7, -7), (3, -7, -7), (-3, 7, 7), (-3, -7, 7), (-7, 7, 3), (-7, 7, -3), (-7, 3, -7), (-7, -3, 7), (-7, -3, -7), (-7, -7, 3), (-7, -7, -3)]",0.9667364890456636
91,106.76775374468848,32.0,"[(10, 2, 2), (10, 2, -2), (10, -2, 2), (10, -2, -2), (6, 6, 6), (6, 6, -6), (6, -6, 6), (6, -6, -6), (2, 10, 2), (2, 10, -2), (2, 2, 10), (2, 2, -10), (2, -2, 10), (2, -2, -10), (2, -10, 2), (2, -10, -2), (-2, 10, 2), (-2, 10, -2), (-2, 2, 10), (-2, 2, -10), (-2, -2, 10), (-2, -2, -10), (-2, -10, 2), (-2, -10, -2), (-6, 6, 6), (-6, 6, -6), (-6, -6, 6), (-6, -6, -6), (-10, 2, 2), (-10, 2, -2), (-10, -2, 2), (-10, -2, -2)]",0.9622504486493761
92,107.48303882329148,72.0,"[(10, 3, 0), (10, 0, 3), (10, 0, -3), (10, -3, 0), (8, 6, 3), (8, 6, -3), (8, 3, 6), (8, 3, -6), (8, -3, 6), (8, -3, -6), (8, -6, 3), (8, -6, -3), (6, 8, 3), (6, 8, -3), (6, 3, 8), (6, 3, -8), (6, -3, 8), (6, -3, -8), (6, -8, 3), (6, -8, -3), (3, 10, 0), (3, 8, 6), (3, 8, -6), (3, 6, 8), (3, 6, -8), (3, 0, 10), (3, 0, -10), (3, -6, 8), (3, -6, -8), (3, -8, 6), (3, -8, -6), (3, -10, 0), (0, 10, 3), (0, 10, -3), (0, 3, 10), (0, 3, -10), (0, -3, 10), (0, -3, -10), (0, -10, 3), (0, -10, -3), (-3, 10, 0), (-3, 8, 6), (-3, 8, -6), (-3, 6, 8), (-3, 6, -8), (-3, 0, 10), (-3, 0, -10), (-3, -6, 8), (-3, -6, -8), (-3, -8, 6), (-3, -8, -6), (-3, -10, 0), (-6, 8, 3), (-6, 8, -3), (-6, 3, 8), (-6, 3, -8), (-6, -3, 8), (-6, -3, -8), (-6, -8, 3), (-6, -8, -3), (-8, 6, 3), (-8, 6, -3), (-8, 3, 6), (-8, 3, -6), (-8, -3, 6), (-8, -3, -6), (-8, -6, 3), (-8, -6, -3), (-10, 3, 0), (-10, 0, 3), (-10, 0, -3), (-10, -3, 0)]",0.9578262852211513
93,108.20114782205263,144.0,"[(5, 2, 9), (2, 5, 9), (-2, -5, -9), (-5, -2, -9), (10, 3, 1), (10, 3, -1), (10, 1, 3), (10, 1, -3), (10, -1, 3), (10, -1, -3), (10, -3, 1), (10, -3, -1), (9, 5, 2), (9, 5, -2), (9, 2, 5), (9, 2, -5), (9, -2, 5), (9, -2, -5), (9, -5, 2), (9, -5, -2), (7, 6, 5), (7, 6, -5), (7, 5, 6), (7, 5, -6), (7, -5, 6), (7, -5, -6), (7, -6, 5), (7, -6, -5), (6, 7, 5), (6, 7, -5), (6, 5, 7), (6, 5, -7), (6, -5, 7), (6, -5, -7), (6, -7, 5), (6, -7, -5), (5, 9, 2), (5, 9, -2), (5, 7, 6), (5, 7, -6), (5, 6, 7), (5, 6, -7), (5, 2, -9), (5, -2, 9), (5, -2, -9), (5, -6, 7), (5, -6, -7), (5, -7, 6), (5, -7, -6), (5, -9, 2), (5, -9, -2), (3, 10, 1), (3, 10, -1), (3, 1, 10), (3, 1, -10), (3, -1, 10), (3, -1, -10), (3, -10, 1), (3, -10, -1), (2, 9, 5), (2, 9, -5), (2, 5, -9), (2, -5, 9), (2, -5, -9), (2, -9, 5), (2, -9, -5), (1, 10, 3), (1, 10, -3), (1, 3, 10), (1, 3, -10), (1, -3, 10), (1, -3, -10), (1, -10, 3), (1, -10, -3), (-1, 10, 3), (-1, 10, -3), (-1, 3, 10), (-1, 3, -10), (-1, -3, 10), (-1, -3, -10), (-1, -10, 3), (-1, -10, -3), (-2, 9, 5), (-2, 9, -5), (-2, 5, 9), (-2, 5, -9), (-2, -5, 9), (-2, -9, 5), (-2, -9, -5), (-3, 10, 1), (-3, 10, -1), (-3, 1, 10), (-3, 1, -10), (-3, -1, 10), (-3, -1, -10), (-3, -10, 1), (-3, -10, -1), (-5, 9, 2), (-5, 9, -2), (-5, 7, 6), (-5, 7, -6), (-5, 6, 7), (-5, 6, -7), (-5, 2, 9), (-5, 2, -9), (-5, -2, 9), (-5, -6, 7), (-5, -6, -7), (-5, -7, 6), (-5, -7, -6), (-5, -9, 2), (-5, -9, -2), (-6, 7, 5), (-6, 7, -5), (-6, 5, 7), (-6, 5, -7), (-6, -5, 7), (-6, -5, -7), (-6, -7, 5), (-6, -7, -5), (-7, 6, 5), (-7, 6, -5), (-7, 5, 6), (-7, 5, -6), (-7, -5, 6), (-7, -5, -6), (-7, -6, 5), (-7, -6, -5), (-9, 5, 2), (-9, 5, -2), (-9, 2, 5), (-9, 2, -5), (-9, -2, 5), (-9, -2, -5), (-9, -5, 2), (-9, -5, -2), (-10, 3, 1), (-10, 3, -1), (-10, 1, 3), (-10, 1, -3), (-10, -1, 3), (-10, -1, -3), (-10, -3, 1), (-10, -3, -1)]",0.9534625892455925
